{
    "comm_world_size": 1,
    "counters": {
        "band_evp_work_count": 25705.796028675446,
        "local_operator_num_applied": 19876
    },
    "git_hash": "732b62eafae5324b2aa2577cb4221223a22d479b",
    "ground_state": {
        "aw_cutoff": 0.0,
        "band_gap": 0.0,
        "chemical_formula": "Fe2",
        "converged": true,
        "core_leakage": 0.0,
        "efermi": 0.591153550901366,
        "energy": {
            "bxc": -0.3742313057680066,
            "core_eval_sum": 0.0,
            "enuc": 0.0,
            "eval_sum": -18.280508331556568,
            "ewald": -168.11855965925406,
            "exc": -28.856862262074642,
            "kin": 76.2746473226604,
            "total": -250.22327006597953,
            "veff": -94.18092434844895,
            "vha": 139.86300306809525,
            "vloc": -199.45399700136218,
            "vxc": -34.58993041518534
        },
        "etot_history": [-226.67174096242422,-270.31945648918577,-253.72294986498258,-248.7829236383567,-251.20284555543265,-249.64466853171382,-249.3735530843926,-250.4402793988151,-250.67878199546192,-250.23993590472867,-250.26337670005194,-250.28539370420253,-250.19948759832084,-250.22518226655126,-250.22456078141602,-250.22404591866416,-250.22308168517068,-250.22327853650387,-250.22327043277008,-250.22326997195455,-250.22327006597953],
        "fft_coarse_grid": [24,24,24],
        "fft_grid": [48,48,48],
        "forces": [
            [-8.654370738759897e-14,-1.0540747826110208e-13,-3.07368377761977e-14],
            [-6.845494248199906e-14,-8.53580325804496e-14,-1.1570007963557523e-14]
        ],
        "mpi_grid": [1,1],
        "num_atoms": 2,
        "num_bands": 26,
        "num_fv_states": -1,
        "num_scf_iterations": 20,
        "omega": 170.17770432671716,
        "pw_cutoff": 25.0,
        "rms_history": [0.10823444854213166,0.257238165827609,0.04111435937416969,0.02676522775540182,0.014845967577810626,0.013644984758195628,0.007445171606629039,0.01739878423708118,0.013142770556701273,0.0029927150773655714,0.0019556977107598873,0.0015773451407798092,0.001516747276122714,0.00023724542647328434,8.356524244481802e-05,2.1601547853881746e-05,4.1309551912943995e-06,4.2992786670968886e-07,9.686265657331414e-08,4.339315729427226e-09,3.612180212049956e-09],
        "scf_time": 10.454689505,
        "stress": [
            [-0.0020818473159620703,1.3463227720713553e-28,-1.3463196825587362e-28],
            [1.3463227720713553e-28,-0.002081847315962119,-4.012354050806741e-35],
            [-1.3463196825587362e-28,-4.012354050806741e-35,-0.0020818473159620633]
        ]
    },
    "task": 0,
    "threads_per_rank": 4
}