{
    "comm_world_size": 1,
    "counters": {
        "band_evp_work_count": 2323.776228948566,
        "local_operator_num_applied": 9039
    },
    "git_hash": "2fef8d388ab621b138d31cc62675903e8da2a227",
    "ground_state": {
        "aw_cutoff": 0.0,
        "band_gap": 0.0,
        "chemical_formula": "Fe2",
        "converged": true,
        "core_leakage": 0.0,
        "efermi": 0.5911535019684717,
        "energy": {
            "bxc": -0.37423115064177354,
            "core_eval_sum": 0.0,
            "entropy_sum": -0.01685319023263429,
            "enuc": 0.0,
            "eval_sum": -18.280510404603167,
            "ewald": -168.11855965925247,
            "exc": -28.856861921090527,
            "kin": 76.27464531000287,
            "scf_correction": 7.93112036490129e-07,
            "total": -250.24012316081775,
            "veff": -94.18092456396425,
            "vha": 139.86300015286443,
            "vloc": -199.4539945698072,
            "vxc": -34.58993014703946
        },
        "etot_history": [
            -248.389278980149,
            -248.75217901951015,
            -250.1129658839881,
            -250.1898877191957,
            -250.2212416071887,
            -250.22998383508306,
            -250.23284498365643,
            -250.2432076981858,
            -250.23453059344502,
            -250.23993048526893,
            -250.23988713946147,
            -250.23992093152378,
            -250.24009553438697,
            -250.24012042375202,
            -250.24012264998584,
            -250.24012315750684,
            -250.2401231603353,
            -250.24012316075965,
            -250.24012316080496,
            -250.24012316081775
        ],
        "fft_coarse_grid": [
            24,
            24,
            24
        ],
        "fft_grid": [
            48,
            48,
            48
        ],
        "forces": [
            [
                -8.664683512800246e-14,
                -1.0460741107695712e-13,
                -3.070485383664702e-14
            ],
            [
                -6.856428770049203e-14,
                -8.345261215420747e-14,
                -1.1193453118447898e-14
            ]
        ],
        "mpi_grid": [
            1,
            1
        ],
        "num_atoms": 2,
        "num_bands": 26,
        "num_fv_states": -1,
        "num_scf_iterations": 19,
        "omega": 170.17770432671716,
        "pw_cutoff": 25.0,
        "rms_history": [
            0.10819418352173904,
            0.25711798361415467,
            0.041093764771690806,
            0.026725664811867122,
            0.014587205084837107,
            0.013529937500751616,
            0.007276905005685119,
            0.01524171521068187,
            0.011497619521969845,
            0.002762640583141877,
            0.0017643223287525593,
            0.0014628504705885437,
            0.0010563403775368432,
            0.00029541718580647293,
            0.00011538907321421762,
            4.9807982812004595e-06,
            1.9601202505556926e-06,
            5.077229100451214e-07,
            1.2917857730259468e-07,
            2.6039662565014325e-08
        ],
        "scf_time": 11.420759,
        "stress": [
            [
                -0.0020818117344428566,
                -3.023982852763415e-30,
                6.582467438051e-32
            ],
            [
                -3.023982852763415e-30,
                -0.0020818117344430127,
                -4.012354050806741e-35
            ],
            [
                6.582467438051e-32,
                -4.012354050806741e-35,
                -0.0020818117344429538
            ]
        ]
    },
    "task": 0,
    "threads_per_rank": 8
}