{
    "build_date": "Fri, 11 Aug 2017 12:06:36",
    "comm_world_size": 1,
    "git_hash": "15b43efedc91334320f9e938ea2a7b87dc49f3bc",
    "ground_state": {
        "aw_cutoff": 7.0,
        "band_gap": 0.0285472484474474,
        "chemical_formula": "Ni2O2",
        "core_leakage": 0.0,
        "efermi": 0.518197248760394,
        "energy": {
            "bxc": -0.0445598599154423,
            "core_eval_sum": 0.0,
            "enuc": 0.0,
            "eval_sum": -24.3838835561169,
            "ewald": -238.919868302797,
            "exc": -42.2105958250231,
            "kin": 116.571286806515,
            "total": -375.41768476205,
            "veff": -140.910610502716,
            "vha": 246.390457563469,
            "vxc": -53.2918917036211
        },
        "fft_coarse_grid": [40,40,40],
        "fft_grid": [64,64,64],
        "mpi_grid": [1,1],
        "num_atoms": 4,
        "num_bands": 68,
        "num_fv_states": 34,
        "omega": 245.918806141068,
        "pw_cutoff": 20.0
    },
    "task": 0,
    "threads_per_rank": 8,
    "timers": {
        "sddk::FFT3D::FFT3D": [0.005627,0.0028135,0.001949,0.003678],
        "sddk::FFT3D::prepare": [0.014435,9.88698630136986e-05,3.5e-05,0.000176],
        "sddk::FFT3D::prepare|cpu": [0.013737,9.40890410958904e-05,3.4e-05,0.000172],
        "sddk::FFT3D::transform": [11.7781709999999,0.000511916333449231,0.000388,0.005296],
        "sddk::FFT3D::transform_xy": [8.42712300000013,0.000366269254172467,0.000277,0.004369],
        "sddk::FFT3D::transform_z": [3.19067399999996,0.000138676721140471,7e-05,0.004811],
        "sddk::FFT3D::transform_z_serial": [3.09793499999996,0.00013464599269819,6.5e-05,0.004806],
        "sddk::Gvec::find_gvec_shells": [0.002504,0.000417333333333333,0.000121,0.001451],
        "sddk::Gvec::init": [0.007788,0.001298,0.000396,0.004737],
        "sddk::matrix_storage::matrix_storage": [0.00317800000000003,8.82777777777785e-06,0.0,0.000294],
        "sddk::matrix_storage::remap_backward": [0.000296000000000001,7.51269035532997e-07,0.0,3e-06],
        "sddk::matrix_storage::remap_forward": [0.00122800000000001,2.42687747035574e-06,0.0,1.7e-05],
        "sddk::wave_functions::inner": [1.751963,0.00164968267419962,2e-06,0.0057],
        "sddk::wave_functions::orthogonalize": [2.784328,0.00706682233502539,0.000429,0.021482],
        "sddk::wave_functions::transform": [2.495393,0.00368052064896755,0.000195,0.013202],
        "sddk::wave_functions::transform|init": [0.022598,3.3330383480826e-05,0.0,0.000533],
        "sirius::Atom_type::init": [0.026619,0.0133095,0.012756,0.013863],
        "sirius::Augmentation_operator::generate_pw_coeffs": [0.210328,0.105164,0.08905,0.121278],
        "sirius::Band::Band": [1e-05,1e-05,1e-05,1e-05],
        "sirius::Band::apply_h_o": [14.212758,0.0360729898477157,0.001922,0.080023],
        "sirius::Band::diag_pseudo_potential": [20.204742,0.360798964285714,0.117499,0.689945],
        "sirius::Band::diag_pseudo_potential_davidson": [20.194689,0.360619446428571,0.117293,0.689806],
        "sirius::Band::diag_pseudo_potential_davidson|alloc": [0.011132,0.000198785714285714,0.000119,0.000469],
        "sirius::Band::diag_pseudo_potential_davidson|evp": [0.961722,0.00249150777202073,0.000776,0.006795],
        "sirius::Band::diag_pseudo_potential_davidson|iter": [19.983775,0.356853125,0.113704,0.684435],
        "sirius::Band::diag_pseudo_potential_davidson|update_phi": [0.45944,0.00410214285714286,0.001479,0.007543],
        "sirius::Band::diag_pseudo_potential_davidson|wf": [0.00095,1.69642857142857e-05,1.3e-05,5.4e-05],
        "sirius::Band::get_h_diag": [0.131767,0.00235298214285714,0.001882,0.003425],
        "sirius::Band::get_o_diag": [0.064097,0.00114458928571429,0.000938,0.001756],
        "sirius::Band::initialize_subspace": [0.488634,0.488634,0.488634,0.488634],
        "sirius::Band::initialize_subspace|kp": [0.485182,0.1212955,0.118558,0.125439],
        "sirius::Band::initialize_subspace|kp|wf": [0.005331,0.00133275,0.001258,0.001407],
        "sirius::Band::residuals": [1.024321,0.00265368134715026,1e-06,0.009044],
        "sirius::Band::residuals_aux": [0.176889,0.000622848591549295,0.000264,0.002803],
        "sirius::Band::set_subspace_mtrx": [0.972671,0.00246870812182741,0.000273,0.006135],
        "sirius::Band::solve_for_kset": [20.237673,1.44554807142857,0.481844,2.485168],
        "sirius::Beta_projectors::Beta_projectors": [0.002492,0.000623,0.000585,0.000689],
        "sirius::Beta_projectors::generate_pw_coefs_t": [0.002436,0.000609,0.00058,0.000649],
        "sirius::Beta_projectors_base::dismiss": [5.89999999999999e-05,5.08620689655172e-07,0.0,2e-06],
        "sirius::Beta_projectors_base::generate": [0.142816,0.00031736888888889,0.000289,0.00076],
        "sirius::Beta_projectors_base::inner": [1.163179,0.00229877272727273,8.8e-05,0.005281],
        "sirius::Beta_projectors_base::prepare": [4.4e-05,3.79310344827586e-07,0.0,1e-06],
        "sirius::Broyden1::mix": [0.016161,0.00115435714285714,5.4e-05,0.002313],
        "sirius::DFT_ground_state::compute_atomic_mag_mom": [0.790971,0.0564979285714286,0.051794,0.075866],
        "sirius::DFT_ground_state::ewald_energy": [0.000925,0.000925,0.000925,0.000925],
        "sirius::DFT_ground_state::scf_loop": [25.414372,25.414372,25.414372,25.414372],
        "sirius::DFT_ground_state::scf_loop|iteration": [25.408312,1.81487942857143,0.841853,2.873804],
        "sirius::DFT_ground_state::symmetrize": [0.356024,0.0127151428571429,0.011463,0.017806],
        "sirius::Density::add_k_point_contribution_dm": [0.306761,0.005477875,0.004996,0.007048],
        "sirius::Density::add_k_point_contribution_rg": [1.63268,0.029155,0.027112,0.038048],
        "sirius::Density::augment": [0.848017,0.0605726428571429,0.057606,0.071761],
        "sirius::Density::generate": [2.866664,0.204761714285714,0.198699,0.225261],
        "sirius::Density::generate_pseudo_core_charge_density": [0.0357,0.0357,0.0357,0.0357],
        "sirius::Density::generate_rho_aug": [0.841912,0.0601365714285714,0.057183,0.071333],
        "sirius::Density::generate_rho_aug|gemm": [0.577234,0.01030775,0.004705,0.025897],
        "sirius::Density::generate_rho_aug|phase_fac": [0.006855,0.000244821428571429,0.000134,0.000376],
        "sirius::Density::generate_rho_aug|sum": [0.15265,0.00272589285714286,0.001599,0.005855],
        "sirius::Density::generate_valence": [2.866603,0.204757357142857,0.198695,0.225254],
        "sirius::Density::initial_density": [0.272815,0.272815,0.272815,0.272815],
        "sirius::Density::symmetrize_density_matrix": [0.053736,0.00383828571428571,0.003692,0.00437],
        "sirius::K_point::K_point": [3e-06,7.5e-07,0.0,2e-06],
        "sirius::K_point::generate_gkvec": [0.00181,0.0004525,0.00042,0.000494],
        "sirius::K_point::initialize": [0.007239,0.00180975,0.001706,0.001916],
        "sirius::K_point_set::K_point_set": [0.021307,0.021307,0.021307,0.021307],
        "sirius::K_point_set::add_kpoint": [1.7e-05,4.25e-06,2e-06,1.1e-05],
        "sirius::K_point_set::find_band_occupancies": [0.020671,0.0014765,0.000925,0.001878],
        "sirius::K_point_set::sync_band_energies": [8.2e-05,5.85714285714286e-06,5e-06,9e-06],
        "sirius::Local_operator::apply_h": [11.47381,0.029121345177665,0.001245,0.070583],
        "sirius::Local_operator::prepare": [0.036201,0.00048268,2.8e-05,0.002713],
        "sirius::Non_local_operator::Non_local_operator": [0.000106,8.83333333333332e-07,0.0,1e-05],
        "sirius::Non_local_operator::apply": [1.691717,0.00214684898477157,0.00012,0.004453],
        "sirius::Periodic_function::add": [0.00573,0.000191,0.000132,0.000232],
        "sirius::Periodic_function::inner": [0.086942,0.000254216374269006,0.000134,0.000498],
        "sirius::Periodic_function::integrate": [0.004702,0.000167928571428571,0.000115,0.000267],
        "sirius::Potential::Potential": [0.317077,0.317077,0.317077,0.317077],