{
    "build_date": "Fri,  1 Sep 2017 08:26:01",
    "comm_world_size": 1,
    "git_hash": "51bdd38c89d04764b014e2f34521e75d5faffacc",
    "ground_state": {
        "aw_cutoff": 7.0,
        "band_gap": 0.0285487392033211,
        "chemical_formula": "Ni2O2",
        "core_leakage": 0.0,
        "efermi": 0.518197523645298,
        "energy": {
            "bxc": -0.0445642251140938,
            "core_eval_sum": 0.0,
            "enuc": 0.0,
            "eval_sum": -24.3838894243752,
            "ewald": -238.919868302797,
            "exc": -42.2105979413923,
            "kin": 116.571288649268,
            "total": -375.417689367411,
            "veff": -140.910613848529,
            "vha": 246.390448023787,
            "vxc": -53.291890313047
        },
        "fft_coarse_grid": [40, 40, 40],
        "fft_grid": [64, 64, 64],
        "mpi_grid": [1, 1],
        "num_atoms": 4,
        "num_bands": 68,
        "num_fv_states": 34,
        "omega": 245.918806141068,
        "pw_cutoff": 20.0
    },
    "task": 0,
    "threads_per_rank": 8,
    "timers": {
        "sddk::FFT3D::FFT3D": [0.004028, 0.002014, 0.001749, 0.002279],
        "sddk::FFT3D::prepare": [0.024413, 0.000103444915254237, 3.6e-05, 0.000217],
        "sddk::FFT3D::prepare|cpu": [0.023213, 9.83601694915254e-05, 3.3e-05, 0.000211],
        "sddk::FFT3D::transform": [16.7328999999998, 0.00047619169583653, 0.000388, 0.012249],
        "sddk::FFT3D::transform_xy": [11.8438600000002, 0.000337057400609017, 0.000268, 0.011829],
        "sddk::FFT3D::transform_z": [4.65971599999989, 0.000132608099262924, 7.5e-05, 0.004186],
        "sddk::FFT3D::transform_z_serial": [4.52700199999991, 0.000128831270098748, 7.4e-05, 0.004178],
        "sddk::Gvec::find_gvec_shells": [0.002505, 0.0004175, 0.000141, 0.001405],
        "sddk::Gvec::init": [0.007686, 0.001281, 0.000407, 0.004607],
        "sddk::matrix_storage::matrix_storage": [0.00316400000000004, 5.49305555555563e-06, 0.0, 0.000257],
        "sddk::matrix_storage::remap_backward": [0.000502000000000005, 8.77622377622386e-07, 0.0, 1.6e-05],
        "sddk::matrix_storage::remap_forward": [0.00167100000000001, 2.21031746031748e-06, 0.0, 1.7e-05],
        "sddk::remap_gvec_to_shells|init": [0.175655, 0.00381858695652174, 0.003612, 0.006173],
        "sddk::remap_gvec_to_shells|remap_backward": [0.013496, 0.000146695652173913, 0.000123, 0.000197],
        "sddk::remap_gvec_to_shells|remap_forward": [0.013593, 0.00014775, 0.000129, 0.000223],
        "sddk::wave_functions::inner": [2.526517, 0.00165781955380577, 2e-06, 0.006176],
        "sddk::wave_functions::orthogonalize": [4.014548, 0.00701844055944056, 0.000371, 0.02591],
        "sddk::wave_functions::transform": [3.628376, 0.00370242448979592, 0.000164, 0.015624],
        "sddk::wave_functions::transform|init": [0.035653, 3.6380612244898e-05, 0.0, 0.000342],
        "sirius::Atom_type::init": [0.02982, 0.01491, 0.011413, 0.018407],
        "sirius::Augmentation_operator::generate_pw_coeffs": [0.184321, 0.0921605, 0.082461, 0.10186],
        "sirius::Band::Band": [1e-05, 1e-05, 1e-05, 1e-05],
        "sirius::Band::apply_h_o": [19.894865, 0.0347812325174825, 0.001945, 0.066106],
        "sirius::Band::diag_pseudo_potential": [28.804062, 0.313087630434783, 0.112306, 0.560061],
        "sirius::Band::diag_pseudo_potential_davidson": [28.786089, 0.31289227173913, 0.112096, 0.559806],
        "sirius::Band::diag_pseudo_potential_davidson|alloc": [0.018957, 0.000206054347826087, 0.000114, 0.00063],
        "sirius::Band::diag_pseudo_potential_davidson|evp": [1.307341, 0.0023179804964539, 0.000753, 0.00647],
        "sirius::Band::diag_pseudo_potential_davidson|iter": [28.442323, 0.309155684782609, 0.108765, 0.556486],
        "sirius::Band::diag_pseudo_potential_davidson|update_phi": [0.653824, 0.00355339130434782, 0.001449, 0.006389],
        "sirius::Band::diag_pseudo_potential_davidson|wf": [0.001567, 1.70326086956522e-05, 1.3e-05, 5.5e-05],
        "sirius::Band::get_h_diag": [0.215199, 0.00233911956521739, 0.00203, 0.011521],
        "sirius::Band::get_o_diag": [0.102844, 0.00111786956521739, 0.000866, 0.005057],
        "sirius::Band::initialize_subspace": [0.453937, 0.453937, 0.453937, 0.453937],
        "sirius::Band::initialize_subspace|kp": [0.45097, 0.1127425, 0.112594, 0.112884],
        "sirius::Band::initialize_subspace|kp|wf": [0.005852, 0.001463, 0.001292, 0.001618],
        "sirius::Band::residuals": [1.541121, 0.00273248404255319, 0.0, 0.011725],
        "sirius::Band::residuals_aux": [0.265127, 0.000649821078431372, 0.000345, 0.000982],
        "sirius::Band::set_subspace_mtrx": [1.415959, 0.0024754527972028, 0.00024, 0.00654],
        "sirius::Band::solve_for_kset": [28.862634, 1.25489713043478, 0.458874, 2.086237],
        "sirius::Beta_projectors::Beta_projectors": [0.002355, 0.00058875, 0.000515, 0.000658],
        "sirius::Beta_projectors::generate_pw_coefs_t": [0.002329, 0.00058225, 0.000509, 0.00065],
        "sirius::Beta_projectors_base::dismiss": [0.000126, 6.70212765957446e-07, 0.0, 1.3e-05],
        "sirius::Beta_projectors_base::generate": [0.197666999999999, 0.00029769126506024, 0.000282, 0.000695],
        "sirius::Beta_projectors_base::inner": [1.741665, 0.00230378968253968, 8.8e-05, 0.004173],
        "sirius::Beta_projectors_base::prepare": [7.89999999999999e-05, 4.20212765957446e-07, 0.0, 1.1e-05],
        "sirius::Broyden1::mix": [0.03533, 0.00153608695652174, 0.000136, 0.002143],
        "sirius::DFT_ground_state::compute_atomic_mag_mom": [1.239586, 0.0538950434782609, 0.053054, 0.058188],
        "sirius::DFT_ground_state::ewald_energy": [0.000802, 0.000802, 0.000802, 0.000802],
        "sirius::DFT_ground_state::scf_loop": [39.545373, 39.545373, 39.545373, 39.545373],
        "sirius::DFT_ground_state::scf_loop|iteration": [39.534955, 1.71891108695652, 0.921618, 2.569862],
        "sirius::DFT_ground_state::symmetrize": [2.956068, 0.064262347826087, 0.0614, 0.075292],
        "sirius::Density::add_k_point_contribution_dm": [0.495334, 0.00538406521739131, 0.004998, 0.006311],
        "sirius::Density::add_k_point_contribution_rg": [2.672812, 0.0290523043478261, 0.027168, 0.03694],
        "sirius::Density::augment": [1.314149, 0.0571369130434783, 0.055324, 0.060588],
        "sirius::Density::generate": [4.611918, 0.200518173913044, 0.196188, 0.225694],
        "sirius::Density::generate_pseudo_core_charge_density": [0.028079, 0.028079, 0.028079, 0.028079],
        "sirius::Density::generate_rho_aug": [1.304872, 0.0567335652173913, 0.055001, 0.060207],
        "sirius::Density::generate_rho_aug|gemm": [0.912278, 0.0099160652173913, 0.004666, 0.024048],
        "sirius::Density::generate_rho_aug|phase_fac": [0.010623, 0.000230934782608696, 0.000138, 0.000322],
        "sirius::Density::generate_rho_aug|sum": [0.241154, 0.00262123913043478, 0.001602, 0.004946],
        "sirius::Density::generate_valence": [4.611832, 0.200514434782609, 0.196185, 0.225685],
        "sirius::Density::initial_density": [0.243885, 0.243885, 0.243885, 0.243885],
        "sirius::Density::symmetrize_density_matrix": [0.089014, 0.00387017391304348, 0.003804, 0.00417],
        "sirius::K_point::K_point": [4e-06, 1e-06, 0.0, 2e-06],
        "sirius::K_point::generate_gkvec": [0.001922, 0.0004805, 0.000429, 0.000508],
        "sirius::K_point::initialize": [0.006921, 0.00173025, 0.001599, 0.001859],
        "sirius::K_point_set::K_point_set": [0.021183, 0.021183, 0.021183, 0.021183],
        "sirius::K_point_set::add_kpoint": [1.9e-05, 4.75e-06, 2e-06, 1e-05],
        "sirius::K_point_set::find_band_occupancies": [0.035409, 0.00153952173913043, 0.000917, 0.001849],
        "sirius::K_point_set::sync_band_energies": [0.000117, 5.08695652173913e-06, 4e-06, 6e-06],
        "sirius::Local_operator::apply_h": [15.915364, 0.0278240629370629, 0.001267, 0.057228],
        "sirius::Local_operator::prepare": [0.0616520000000001, 0.000513766666666667, 2.7e-05, 0.007362],