{
    "build_date": "Fri, 30 Jun 2017 11:53:21",
    "comm_world_size": 1,
    "git_hash": "af358b4c1ac4e05a4bc979db4d2a7bfa47362485",
    "ground_state": {
        "aw_cutoff": 7.0,
        "band_gap": 0.0285163559345664,
        "chemical_formula": "Ni2O2",
        "core_leakage": 0.0,
        "efermi": 0.518187215817506,
        "energy": {
            "bxc": -0.0443753250154696,
            "core_eval_sum": 0.0,
            "enuc": 0.0,
            "eval_sum": -24.3834871571425,
            "ewald": -238.919868302797,
            "exc": -42.2105095808341,
            "kin": 116.571288368672,
            "total": -375.417421675867,
            "veff": -140.910400200799,
            "vha": 246.391025791998,
            "vxc": -53.2919562609053
        },
        "fft_coarse_grid": [40,40,40],
        "fft_grid": [64,64,64],
        "mpi_grid": [1,1],
        "num_atoms": 4,
        "num_bands": 68,
        "num_fv_states": 34,
        "omega": 245.918806141068,
        "pw_cutoff": 20.0
    },
    "task": 0,
    "threads_per_rank": 8,
    "timers": {
        "sddk::FFT3D::FFT3D": [0.005138,0.002569,0.001979,0.003159],
        "sddk::FFT3D::prepare": [0.015337,0.000105047945205479,3.2e-05,0.002107],
        "sddk::FFT3D::transform": [10.7100249999999,0.000480011877016847,0.00038,0.004452],
        "sddk::FFT3D::transform_xy": [7.569652,0.000339263714593044,0.000274,0.002817],
        "sddk::FFT3D::transform_z": [2.99904099999993,0.00013441381319469,7.8e-05,0.004103],
        "sddk::FFT3D::transform_z_serial": [2.91630699999996,0.000130705763714591,7.4e-05,0.004096],
        "sddk::Gvec::find_gvec_shells": [0.002348,0.000391333333333333,0.000129,0.001339],
        "sddk::Gvec::init": [0.00767,0.00127833333333333,0.000405,0.004689],
        "sddk::matrix_storage::matrix_storage": [0.00311400000000003,8.65000000000008e-06,0.0,0.00025],
        "sddk::matrix_storage::remap_backward": [0.000265,7.12365591397849e-07,0.0,2e-06],
        "sddk::matrix_storage::remap_forward": [0.00112500000000001,2.32438016528927e-06,0.0,2.1e-05],
        "sddk::wave_functions::inner": [1.589522,0.00159590562248996,2e-06,0.006326],
        "sddk::wave_functions::orthogonalize": [2.530163,0.00680151344086022,0.000412,0.020675],
        "sddk::wave_functions::transform": [2.286795,0.00355092391304347,0.000188,0.012959],
        "sddk::wave_functions::transform|init": [0.022301,3.46288819875776e-05,0.0,0.000393],
        "sirius::Atom_type::init": [0.022119,0.0110595,0.007784,0.014335],
        "sirius::Augmentation_operator::generate_pw_coeffs": [0.177822,0.088911,0.081315,0.096507],
        "sirius::Band::Band": [9e-06,9e-06,9e-06,9e-06],
        "sirius::Band::apply_h_o": [12.87433,0.0346084139784946,0.001821,0.097217],
        "sirius::Band::diag_pseudo_potential": [18.342696,0.327548142857143,0.111342,0.572505],
        "sirius::Band::diag_pseudo_potential_davidson": [18.330876,0.327337071428571,0.111163,0.572306],
        "sirius::Band::diag_pseudo_potential_davidson|evp": [0.849325999999999,0.00233331318681319,0.000775,0.006602],
        "sirius::Band::diag_pseudo_potential_davidson|update_phi": [0.425161,0.00379608035714286,0.001451,0.00791],
        "sirius::Band::get_h_diag": [0.1182,0.00211071428571429,0.00172,0.003031],
        "sirius::Band::get_o_diag": [0.058447,0.00104369642857143,0.000848,0.001644],
        "sirius::Band::initialize_subspace": [0.450786,0.450786,0.450786,0.450786],
        "sirius::Band::initialize_subspace|kp": [0.44717,0.1117925,0.110994,0.112418],
        "sirius::Band::initialize_subspace|kp|wf": [0.005636,0.001409,0.001147,0.001591],
        "sirius::Band::residuals": [0.960402000000001,0.00263846703296704,0.0,0.008154],
        "sirius::Band::residuals_aux": [0.175209,0.000644150735294118,0.000406,0.000995],
        "sirius::Band::set_subspace_mtrx": [0.895190000000001,0.0024064247311828,0.000293,0.006774],
        "sirius::Band::solve_for_kset": [18.367134,1.31193814285714,0.448936,2.158734],
        "sirius::Beta_projectors::Beta_projectors": [0.002054,0.0005135,0.000509,0.00052],
        "sirius::Beta_projectors::generate_pw_coefs_t": [0.002033,0.00050825,0.000504,0.000514],
        "sirius::Beta_projectors_base::generate": [0.142162,0.000332154205607477,0.00031,0.000516],
        "sirius::Beta_projectors_base::inner": [1.106702,0.00228657438016529,9e-05,0.00387],
        "sirius::Broyden1::mix": [0.014304,0.00102171428571429,5.2e-05,0.001992],
        "sirius::DFT_ground_state::ewald_energy": [0.000734,0.000734,0.000734,0.000734],
        "sirius::DFT_ground_state::scf_loop": [22.622172,22.622172,22.622172,22.622172],
        "sirius::DFT_ground_state::scf_loop|iteration": [22.618084,1.61557742857143,0.751598,2.465375],
        "sirius::DFT_ground_state::symmetrize": [0.334708,0.0119538571428571,0.011331,0.013116],
        "sirius::Density::add_k_point_contribution_dm": [0.303815,0.00542526785714286,0.005043,0.006187],
        "sirius::Density::add_k_point_contribution_rg": [1.603325,0.0286308035714286,0.027184,0.03141],
        "sirius::Density::augment": [0.832196,0.0594425714285714,0.057377,0.063664],
        "sirius::Density::generate": [2.803734,0.200266714285714,0.197859,0.207718],
        "sirius::Density::generate_pseudo_core_charge_density": [0.028056,0.028056,0.028056,0.028056],
        "sirius::Density::generate_rho_aug": [0.826345,0.0590246428571429,0.056914,0.063348],
        "sirius::Density::generate_rho_aug|gemm": [0.570333,0.0101845178571429,0.004899,0.023175],
        "sirius::Density::generate_rho_aug|phase_fac": [0.006606,0.000235928571428571,0.000119,0.000337],
        "sirius::Density::generate_rho_aug|sum": [0.152782,0.00272825,0.00171,0.004661],
        "sirius::Density::generate_valence": [2.80368,0.200262857142857,0.197855,0.207715],
        "sirius::Density::initial_density": [0.233573,0.233573,0.233573,0.233573],
        "sirius::Density::symmetrize_density_matrix": [0.039345,0.00281035714285714,0.002769,0.002889],
        "sirius::K_point::K_point": [4e-06,1e-06,0.0,2e-06],
        "sirius::K_point::generate_gkvec": [0.00182,0.000455,0.00043,0.000476],
        "sirius::K_point::initialize": [0.008062,0.0020155,0.001945,0.002116],
        "sirius::K_point_set::K_point_set": [0.02116,0.02116,0.02116,0.02116],
        "sirius::K_point_set::add_kpoint": [1.2e-05,3e-06,2e-06,6e-06],
        "sirius::K_point_set::find_band_occupancies": [0.019998,0.00142842857142857,0.001139,0.001718],
        "sirius::K_point_set::sync_band_energies": [7.9e-05,5.64285714285714e-06,4e-06,1.2e-05],
        "sirius::Local_operator::apply_h": [10.293626,0.0276710376344086,0.001087,0.087875],
        "sirius::Local_operator::prepare": [0.027629,0.000368386666666667,2.9e-05,0.002724],
        "sirius::Non_local_operator::Non_local_operator": [0.000109,9.08333333333332e-07,0.0,1.2e-05],
        "sirius::Non_local_operator::apply": [1.591044,0.0021385,0.000132,0.003803],
        "sirius::Periodic_function::add": [0.014513,0.000193506666666667,0.000117,0.000274],
        "sirius::Periodic_function::inner": [0.047173,0.000244419689119171,0.000127,0.000434],
        "sirius::Periodic_function::integrate": [0.003831,0.000136821428571429,0.000116,0.000177],
        "sirius::Potential::Potential": [0.164415,0.164415,0.164415,0.164415],
        "sirius::Potential::generate": [0.987837,0.0658558,0.061735,0.068675],
        "sirius::Potential::generate_D_operator_matrix": [0.420713,0.0280475333333333,0.026659,0.029204],
        "sirius::Potential::generate_PAW_effective_potential": [1.6e-05,1.06666666666667e-06,0.0,1e-05],
        "sirius::Potential::generate_local_potential": [0.161931,0.161931,0.161931,0.161931],
        "sirius::Potential::init": [2e-06,2e-06,2e-06,2e-06],
        "sirius::Potential::poisson": [0.033598,0.00223986666666667,0.002032,0.002953],
        "sirius::Potential::xc": [0.457745,0.0305163333333333,0.026637,0.033009],
        "sirius::Potential::xc_it_magnetic": [0.457588,0.0305058666666667,0.026612,0.033003],