{
    "build_date": "Wed, 31 May 2017 16:04:48",
    "comm_world_size": 1,
    "git_hash": "d035c9132b67397ea342e623430decff01e1b82b",
    "ground_state": {
        "aw_cutoff": 7.0,
        "band_gap": 0.0285390957507006,
        "chemical_formula": "Ni2O2",
        "core_leakage": 0.0,
        "efermi": 0.518201878335307,
        "energy": {
            "bxc": -0.0444404464155501,
            "core_eval_sum": 0.0,
            "enuc": 0.0,
            "eval_sum": -24.3831102666025,
            "ewald": -238.919868302797,
            "exc": -42.2106117442595,
            "kin": 116.57164037807,
            "total": -375.417495988959,
            "veff": -140.910310198257,
            "vha": 246.391864811465,
            "vxc": -53.2920267304323
        },
        "fft_coarse_grid": [40,40,40],
        "fft_grid": [64,64,64],
        "mpi_grid": [1,1],
        "num_atoms": 4,
        "num_bands": 68,
        "num_fv_states": 34,
        "omega": 245.918806141068,
        "pw_cutoff": 20.0
    },
    "task": 0,
    "threads_per_rank": 8,
    "timers": {
        "sddk::FFT3D::FFT3D": [0.004933,0.0024665,0.002109,0.002824],
        "sddk::FFT3D::prepare": [0.014673,8.83915662650602e-05,3.4e-05,0.000191],
        "sddk::FFT3D::transform": [8.91008699999995,0.000432780600349716,-0.926386,0.010485],
        "sddk::FFT3D::transform_xy": [6.97824699999996,0.000338947299397706,0.000278,0.006894],
        "sddk::FFT3D::transform_z": [1.80186599999997,8.75202059452092e-05,-0.931176,0.008673],
        "sddk::FFT3D::transform_z_serial": [1.72382699999996,8.37296969108201e-05,-0.931181,0.008664],
        "sddk::Gvec::find_gvec_shells": [0.002719,0.000453166666666667,0.000142,0.001613],
        "sddk::Gvec::init": [0.008426,0.00140433333333333,0.000422,0.00528],
        "sddk::matrix_storage::matrix_storage": [0.00353800000000006,4.46717171717179e-06,0.0,0.000349],
        "sddk::matrix_storage::remap_backward": [0.000352000000000001,1.05389221556887e-06,0.0,1.5e-05],
        "sddk::matrix_storage::remap_forward": [0.000898000000000006,1.94372294372296e-06,0.0,1.4e-05],
        "sddk::wave_functions::inner": [1.282174,0.00148057043879908,2e-06,0.005322],
        "sddk::wave_functions::orthogonalize": [1.962763,0.00587653592814371,0.000209,0.01798],
        "sddk::wave_functions::transform": [1.796324,0.00298392691029901,0.000107,0.010268],
        "sddk::wave_functions::transform|init": [0.022328,3.70897009966777e-05,0.0,0.00046],
        "sirius::Atom_type::init": [0.021855,0.0109275,0.00778,0.014075],
        "sirius::Augmentation_operator::generate_pw_coeffs": [0.184742,0.092371,0.083189,0.101553],
        "sirius::Band::Band": [1.6e-05,1.6e-05,1.6e-05,1.6e-05],
        "sirius::Band::apply_h_o": [10.399047,0.031134871257485,-0.877158,0.064839],
        "sirius::Band::diag_pseudo_potential": [14.84103,0.23189109375,-0.790989,0.567399],
        "sirius::Band::diag_pseudo_potential_davidson": [14.830935,0.1158666796875,-0.861767,0.285251],
        "sirius::Band::diag_pseudo_potential_davidson|evp": [0.666246,0.00204369938650307,0.000786,0.00655],
        "sirius::Band::diag_pseudo_potential_davidson|update_phi": [0.369588,0.00288740625,0.001457,0.009541],
        "sirius::Band::get_h_diag": [0.143976,0.0011248125,0.000882,0.001887],
        "sirius::Band::get_o_diag": [0.13529,0.001056953125,0.000831,0.001678],
        "sirius::Band::initialize_subspace": [0.495455,0.495455,0.495455,0.495455],
        "sirius::Band::initialize_subspace|kp": [0.492257,0.12306425,0.116792,0.130872],
        "sirius::Band::initialize_subspace|kp|wf": [0.005325,0.00133125,0.000964,0.001464],
        "sirius::Band::residuals": [0.848235999999999,0.0026019509202454,0.0,0.008142],
        "sirius::Band::residuals_aux": [0.165038,0.000615813432835821,0.000199,0.000895],
        "sirius::Band::set_subspace_mtrx": [0.720477,0.00215711676646706,0.000184,0.005752],
        "sirius::Band::solve_for_kset": [14.87002,0.92937625,-0.440258,2.164768],
        "sirius::Beta_projectors::Beta_projectors": [0.004543,0.00113575,0.000589,0.002666],
        "sirius::Beta_projectors::generate_pw_coefs_t": [0.004516,0.001129,0.000584,0.002655],
        "sirius::Beta_projectors_base::generate": [0.131742,0.000331010050251256,0.000315,0.000421],
        "sirius::Beta_projectors_base::inner": [1.040349,0.00225183766233766,8.7e-05,0.003357],
        "sirius::Broyden1::mix": [0.018923,0.0011826875,6.3e-05,0.002041],
        "sirius::DFT_ground_state::ewald_energy": [0.000991,0.000991,0.000991,0.000991],
        "sirius::DFT_ground_state::scf_loop": [19.726789,19.726789,19.726789,19.726789],
        "sirius::DFT_ground_state::scf_loop|iteration": [19.722147,1.2326341875,-0.118789,2.463723],
        "sirius::DFT_ground_state::symmetrize": [0.391459,0.01223309375,0.011603,0.013642],
        "sirius::Density::add_k_point_contribution_dm": [0.342331,0.005348921875,0.005042,0.006652],
        "sirius::Density::add_k_point_contribution_rg": [1.838374,0.02872459375,0.027105,0.036463],
        "sirius::Density::augment": [0.935892,0.05849325,0.055406,0.061246],
        "sirius::Density::generate": [3.190804,0.19942525,0.195757,0.215121],
        "sirius::Density::generate_pseudo_core_charge_density": [0.031582,0.031582,0.031582,0.031582],
        "sirius::Density::generate_rho_aug": [0.929216,0.058076,0.05512,0.060758],
        "sirius::Density::generate_rho_aug|gemm": [0.643987,0.010062296875,0.004919,0.02372],
        "sirius::Density::generate_rho_aug|phase_fac": [0.007417,0.00023178125,0.000112,0.000341],
        "sirius::Density::generate_rho_aug|sum": [0.176536,0.002758375,0.001723,0.00539],
        "sirius::Density::generate_valence": [3.190744,0.1994215,0.195754,0.215117],
        "sirius::Density::initial_density": [0.245109,0.245109,0.245109,0.245109],
        "sirius::Density::symmetrize_density_matrix": [0.045354,0.002834625,0.002766,0.003186],
        "sirius::K_point::K_point": [2e-06,5e-07,0.0,1e-06],
        "sirius::K_point::generate_gkvec": [0.001873,0.00046825,0.000447,0.000507],
        "sirius::K_point::initialize": [0.010609,0.00265225,0.002032,0.004356],
        "sirius::K_point_set::K_point_set": [0.021055,0.021055,0.021055,0.021055],
        "sirius::K_point_set::add_kpoint": [1.2e-05,3e-06,2e-06,6e-06],
        "sirius::K_point_set::find_band_occupancies": [0.023159,0.0014474375,0.001168,0.001625],
        "sirius::K_point_set::sync_band_energies": [0.000104,6.5e-06,4e-06,1.1e-05],
        "sirius::Local_operator::apply_h": [8.098813,0.0242479431137725,-0.886241,0.055423],
        "sirius::Local_operator::prepare": [0.032077,0.000377376470588235,2.8e-05,0.002468],
        "sirius::Non_local_operator::Non_local_operator": [0.000143,1.05147058823529e-06,0.0,1.4e-05],
        "sirius::Non_local_operator::apply": [1.412014,0.00211379341317365,0.000123,0.005712],
        "sirius::Periodic_function::add": [0.017317,0.000203729411764706,0.000117,0.000311],
        "sirius::Periodic_function::inner": [0.053545,0.000244497716894977,0.000131,0.000525],
        "sirius::Periodic_function::integrate": [0.004643,0.00014509375,0.000111,0.0002],
        "sirius::Potential::Potential": [0.164502,0.164502,0.164502,0.164502],
        "sirius::Potential::generate": [1.116623,0.0656837058823529,0.061761,0.075868],
        "sirius::Potential::generate_D_operator_matrix": [0.479077,0.028181,0.027585,0.030048],
        "sirius::Potential::generate_PAW_effective_potential": [2.2e-05,1.29411764705882e-06,0.0,1.2e-05],
        "sirius::Potential::generate_local_potential": [0.16193,0.16193,0.16193,0.16193],
        "sirius::Potential::init": [5e-06,5e-06,5e-06,5e-06],
        "sirius::Potential::poisson": [0.048229,0.002837,0.002012,0.011985],
        "sirius::Potential::xc": [0.501135,0.0294785294117647,0.02562,0.031839],
        "sirius::Potential::xc_it_magnetic": [0.500944,0.0294672941176471,0.025585,0.031826],
        "sirius::Radial_integrals|aug": [0.692962,0.692962,0.692962,0.692962],