{
    "build_date": "Wed, 13 Sep 2017 13:57:41",
    "comm_world_size": 1,
    "git_hash": "467cca80bce65a95274ec0901338c5c9bb80d72d",
    "ground_state": {
        "aw_cutoff": 7.0,
        "band_gap": 0.0285481604789951,
        "chemical_formula": "Ni2O2",
        "core_leakage": 0.0,
        "efermi": 0.518197439962954,
        "energy": {
            "bxc": -0.0445624500216728,
            "core_eval_sum": 0.0,
            "enuc": 0.0,
            "eval_sum": -24.3838858034904,
            "ewald": -238.919867206798,
            "exc": -42.210597073845,
            "kin": 116.57128774075,
            "total": -375.417687572747,
            "veff": -140.910611094218,
            "vha": 246.390456726823,
            "vxc": -53.2918908747977
        },
        "fft_coarse_grid": [40, 40, 40],
        "fft_grid": [64, 64, 64],
        "mpi_grid": [1, 1],
        "num_atoms": 4,
        "num_bands": 68,
        "num_fv_states": 34,
        "omega": 245.918806141068,
        "pw_cutoff": 20.0
    },
    "task": 0,
    "threads_per_rank": 8,
    "timers": {
        "sddk::FFT3D::FFT3D": [0.004315, 0.0021575, 0.00192, 0.002395],
        "sddk::FFT3D::prepare": [0.020408, 9.90679611650485e-05, 3.6e-05, 0.000206],
        "sddk::FFT3D::prepare|cpu": [0.01924, 9.33980582524271e-05, 3.2e-05, 0.000189],
        "sddk::FFT3D::transform": [15.7048999999997, 0.000511327082112383, 0.00039, 0.008731],
        "sddk::FFT3D::transform_xy": [11.1935330000002, 0.000364443999479071, 0.000277, 0.002866],
        "sddk::FFT3D::transform_z": [4.29489299999995, 0.000139835026372337, 9e-05, 0.007801],
        "sddk::FFT3D::transform_z_serial": [4.17566499999999, 0.00013595314840138, 8.7e-05, 0.007783],
        "sddk::Gvec::find_gvec_shells": [0.002625, 0.0004375, 0.000128, 0.001672],
        "sddk::Gvec::init": [0.010348, 0.00172466666666667, 0.000496, 0.006591],
        "sddk::matrix_storage::matrix_storage": [0.00289600000000004, 5.74603174603183e-06, 0.0, 0.00027],
        "sddk::matrix_storage::remap_backward": [0.000473000000000004, 9.27450980392164e-07, 0.0, 1.6e-05],
        "sddk::matrix_storage::remap_forward": [0.001814, 2.70746268656716e-06, 0.0, 2e-05],
        "sddk::remap_gvec_to_shells|init": [0.004028, 0.004028, 0.004028, 0.004028],
        "sddk::remap_gvec_to_shells|remap_backward": [0.016854, 0.000210675, 0.000184, 0.000286],
        "sddk::remap_gvec_to_shells|remap_forward": [0.017398, 0.000217475, 0.000184, 0.000313],
        "sddk::wave_functions::inner": [2.185328, 0.00160449926578561, 2e-06, 0.009673],
        "sddk::wave_functions::orthogonalize": [2.819689, 0.00805625428571428, 0.000413, 0.030102],
        "sddk::wave_functions::transform": [3.035577, 0.0035628838028169, 0.000204, 0.013227],
        "sddk::wave_functions::transform|init": [0.0534140000000001, 6.26924882629109e-05, 3e-06, 0.00054],
        "sirius::Atom_type::init": [0.027234, 0.013617, 0.009889, 0.017345],
        "sirius::Augmentation_operator::generate_pw_coeffs": [0.177075, 0.0885375, 0.07993, 0.097145],
        "sirius::Band::Band": [9e-06, 9e-06, 9e-06, 9e-06],
        "sirius::Band::apply_h_o": [18.568566, 0.0364089529411765, 0.002055, 0.087668],
        "sirius::Band::diag_pseudo_potential": [25.779184, 0.3222398, 0.142528, 0.49238],
        "sirius::Band::diag_pseudo_potential_davidson": [25.764426, 0.322055325, 0.142396, 0.492208],
        "sirius::Band::diag_pseudo_potential_davidson|alloc": [0.018375, 0.0002296875, 0.000114, 0.000804],
        "sirius::Band::diag_pseudo_potential_davidson|evp": [1.12167, 0.00223440239043825, 0.000885, 0.005424],
        "sirius::Band::diag_pseudo_potential_davidson|iter": [25.465774, 0.318322175, 0.1387, 0.488737],
        "sirius::Band::diag_pseudo_potential_davidson|update_phi": [0.591288, 0.00369555, 0.001849, 0.00587],
        "sirius::Band::diag_pseudo_potential_davidson|wf": [0.001364, 1.705e-05, 1.3e-05, 5.3e-05],
        "sirius::Band::get_h_diag": [0.187657, 0.0023457125, 0.001905, 0.004226],
        "sirius::Band::get_o_diag": [0.086534, 0.001081675, 0.00087, 0.002053],
        "sirius::Band::initialize_subspace": [0.492529, 0.492529, 0.492529, 0.492529],
        "sirius::Band::initialize_subspace|kp": [0.427559, 0.10688975, 0.105939, 0.107541],
        "sirius::Band::initialize_subspace|kp|wf": [0.004334, 0.0010835, 0.001054, 0.001115],
        "sirius::Band::residuals": [1.229201, 0.00244860756972111, 0.0, 0.011919],
        "sirius::Band::residuals_aux": [0.214783, 0.000628020467836258, 0.000299, 0.001574],
        "sirius::Band::set_subspace_mtrx": [1.504327, 0.00224526417910448, 0.000271, 0.010549],
        "sirius::Band::solve_for_kset": [25.826219, 1.29131095, 0.607761, 1.927762],
        "sirius::Beta_projectors::Beta_projectors": [0.002357, 0.00058925, 0.000519, 0.000622],
        "sirius::Beta_projectors::generate_pw_coefs_t": [0.002336, 0.000584, 0.000514, 0.000616],
        "sirius::Beta_projectors_base::dismiss": [0.000113, 6.89024390243901e-07, 0.0, 1e-05],
        "sirius::Beta_projectors_base::generate": [0.180457999999999, 0.000305861016949152, 0.000286, 0.000707],
        "sirius::Beta_projectors_base::inner": [1.562477, 0.0023320552238806, 8.8e-05, 0.005163],
        "sirius::Beta_projectors_base::prepare": [7.79999999999999e-05, 4.7560975609756e-07, 0.0, 1e-06],
        "sirius::Broyden1::mix": [0.026052, 0.0013026, 5.4e-05, 0.002435],
        "sirius::DFT_ground_state::compute_atomic_mag_mom": [2.630132, 0.1315066, 0.120203, 0.187964],
        "sirius::DFT_ground_state::ewald_energy": [0.000855, 0.000855, 0.000855, 0.000855],
        "sirius::DFT_ground_state::scf_loop": [36.243288, 36.243288, 36.243288, 36.243288],
        "sirius::DFT_ground_state::scf_loop|iteration": [36.213005, 1.81065025, 1.114339, 2.422038],
        "sirius::DFT_ground_state::symmetrize": [1.738663, 0.043466575, 0.040305, 0.053503],
        "sirius::Density::add_k_point_contribution_dm": [0.436954, 0.005461925, 0.004902, 0.006461],
        "sirius::Density::add_k_point_contribution_rg": [2.498203, 0.0312275375, 0.026899, 0.041537],
        "sirius::Density::augment": [1.283442, 0.0641721, 0.059659, 0.071277],
        "sirius::Density::generate": [4.338765, 0.21693825, 0.201543, 0.254231],
        "sirius::Density::generate_pseudo_core_charge_density": [0.029789, 0.029789, 0.029789, 0.029789],
        "sirius::Density::generate_rho_aug": [1.274876, 0.0637438, 0.059261, 0.070862],
        "sirius::Density::generate_rho_aug|gemm": [0.872392, 0.0109049, 0.004722, 0.027817],
        "sirius::Density::generate_rho_aug|phase_fac": [0.01254, 0.0003135, 0.000199, 0.000525],
        "sirius::Density::generate_rho_aug|sum": [0.227978, 0.002849725, 0.001603, 0.006032],
        "sirius::Density::generate_valence": [4.338668, 0.2169334, 0.20154, 0.254226],
        "sirius::Density::initial_density": [0.590212, 0.590212, 0.590212, 0.590212],
        "sirius::Density::symmetrize_density_matrix": [0.082992, 0.0041496, 0.003889, 0.00538],
        "sirius::K_point::K_point": [2e-06, 5e-07, 0.0, 1e-06],
        "sirius::K_point::generate_gkvec": [0.002158, 0.0005395, 0.000533, 0.00055],
        "sirius::K_point::initialize": [0.007384, 0.001846, 0.00177, 0.001929],
        "sirius::K_point_set::K_point_set": [0.021919, 0.021919, 0.021919, 0.021919],
        "sirius::K_point_set::add_kpoint": [1.6e-05, 4e-06, 2e-06, 8e-06],
        "sirius::K_point_set::find_band_occupancies": [0.030313, 0.00151565, 0.000861, 0.002027],
        "sirius::K_point_set::sync_band_energies": [0.000204, 1.02e-05, 5e-06, 1.8e-05],
        "sirius::Local_operator::apply_h": [14.942447, 0.0292989156862745, 0.0013, 0.077241],
        "sirius::Local_operator::prepare": [0.050378, 0.000479790476190476, 2.8e-05, 0.002848],
        "sirius::Non_local_operator::Non_local_operator": [0.000178, 1.05952380952381e-06, 0.0, 1.1e-05],
        "sirius::Non_local_operator::apply": [2.253754, 0.00220956274509804, 0.000116, 0.005035],