{
    "comm_world_size": 1,
    "counters": {
        "band_evp_work_count": 9687.771340574427,
        "local_operator_num_applied": 9913
    },
    "git_hash": "732b62eafae5324b2aa2577cb4221223a22d479b",
    "ground_state": {
        "aw_cutoff": 0.0,
        "band_gap": 0.0,
        "chemical_formula": "Ni",
        "converged": true,
        "core_leakage": 0.0,
        "efermi": 0.6591577262106125,
        "energy": {
            "bxc": -0.009192299703547816,
            "core_eval_sum": 0.0,
            "enuc": 0.0,
            "eval_sum": -10.643153711573223,
            "ewald": -111.75579556460656,
            "exc": -17.531762587365417,
            "kin": 48.68350743326693,
            "total": -171.49412900137145,
            "veff": -59.3174688451366,
            "vha": 107.38018052052115,
            "vloc": -144.58016854291935,
            "vxc": -22.117480822730762
        },
        "etot_history": [-147.02866986818375,-185.4646781765221,-174.49255081583738,-170.27372606372165,-172.32917591537313,-171.07631284668878,-171.45123170314508,-171.47964867361486,-171.4993813036918,-171.47081966660926,-171.4959071103819,-171.47984704324932,-171.49578483952988,-171.49419656716958,-171.49403281590708,-171.49415016370432,-171.49412547430708,-171.49412959580482,-171.49412918763036,-171.49412896384715,-171.49412900137145],
        "fft_coarse_grid": [24,24,24],
        "fft_grid": [32,32,32],
        "forces": [
            [7.642342020696372e-18,2.450660684457981e-17,-4.2731472938060586e-17]
        ],
        "mpi_grid": [1,1],
        "num_atoms": 1,
        "num_bands": 38,
        "num_fv_states": -1,
        "num_scf_iterations": 20,
        "omega": 73.39284359469754,
        "pw_cutoff": 20.0,
        "rms_history": [0.3955407365030574,0.3483716754883431,0.080464495837907,0.0399213006865774,0.014861661561579849,0.01837889229953677,0.002795021069985271,0.0014944337152172382,0.0009932863442623317,0.0011882702768126136,0.0004682117501689639,0.00047452573579504306,0.00011129711008184211,3.451308373641696e-05,4.469878428487349e-06,2.2179360180346512e-06,2.5716306848456486e-07,1.0163384790285019e-07,2.658145138268056e-08,4.7733672981514296e-09,4.497283142907609e-09],
        "scf_time": 10.310756117,
        "stress": [
            [-0.0008812812011987151,2.3741884029218998e-20,1.88693759792013e-33],
            [2.3741884029218998e-20,-0.0008812812011987081,-3.277690213327206e-20],
            [1.88693759792013e-33,-3.277690213327206e-20,-0.0008812812011987428]
        ]
    },
    "task": 0,
    "threads_per_rank": 4
}