{
    "comm_world_size": 1,
    "counters": {
        "band_evp_work_count": 980.5179873159348,
        "local_operator_num_applied": 4876
    },
    "git_hash": "2fef8d388ab621b138d31cc62675903e8da2a227",
    "ground_state": {
        "aw_cutoff": 0.0,
        "band_gap": 0.0,
        "chemical_formula": "Ni",
        "converged": true,
        "core_leakage": 0.0,
        "efermi": 0.6591577334161578,
        "energy": {
            "bxc": -0.00919245342099451,
            "core_eval_sum": 0.0,
            "entropy_sum": -0.0429113578897969,
            "enuc": 0.0,
            "eval_sum": -10.64315376894731,
            "ewald": -111.75579556460703,
            "exc": -17.531762624045857,
            "kin": 48.68350767722313,
            "scf_correction": -3.630419413980235e-07,
            "total": -171.53704038211353,
            "veff": -59.31746899274945,
            "vha": 107.38017976051678,
            "vloc": -144.5801680300124,
            "vxc": -22.117480723255813
        },
        "etot_history": [
            -164.76001675462115,
            -170.71626241657196,
            -171.38178506657044,
            -171.50831213872215,
            -171.52743711928605,
            -171.53387539750076,
            -171.53702889662915,
            -171.5370101448085,
            -171.53702559423078,
            -171.537015369377,
            -171.53700430872476,
            -171.53702919091955,
            -171.53703875641733,
            -171.53704005472133,
            -171.53704036916196,
            -171.53704037465673,
            -171.53704037851423,
            -171.53704038202815,
            -171.53704038211353
        ],
        "fft_coarse_grid": [
            24,
            24,
            24
        ],
        "fft_grid": [
            32,
            32,
            32
        ],
        "forces": [
            [
                1.6843365917493179e-15,
                1.6990725764059923e-15,
                1.7094348381512386e-15
            ]
        ],
        "mpi_grid": [
            1,
            1
        ],
        "num_atoms": 1,
        "num_bands": 38,
        "num_fv_states": -1,
        "num_scf_iterations": 18,
        "omega": 73.39284359469754,
        "pw_cutoff": 20.0,
        "rms_history": [
            0.3955378365301099,
            0.3483739693334384,
            0.08046775794814391,
            0.03991273749019592,
            0.014828545104752323,
            0.018139969252802774,
            0.002713667287960492,
            0.0017684895138096678,
            0.0009364836658772073,
            0.0013715117782207445,
            0.0004958714909941193,
            0.0006051175489688146,
            4.003913904942088e-05,
            5.30901618855035e-05,
            4.721330151450424e-06,
            1.993021826724187e-06,
            3.0170587259468435e-06,
            4.968883177692409e-07,
            3.8403846946094564e-08
        ],
        "scf_time": 12.042125,
        "stress": [
            [
                -0.0008812952242354052,
                1.1409051646566954e-19,
                6.633194827114554e-35
            ],
            [
                1.1409051646566954e-19,
                -0.000881295224235211,
                -3.27753535292648e-20
            ],
            [
                6.633194827114554e-35,
                -3.27753535292648e-20,
                -0.0008812952242354677
            ]
        ]
    },
    "task": 0,
    "threads_per_rank": 8
}