{
    "build_date": "Wed,  9 Aug 2017 17:06:04",
    "comm_world_size": 1,
    "git_hash": "6fec0765b98b3dda461a5915a860d29799a8df94",
    "ground_state": {
        "aw_cutoff": 7.0,
        "band_gap": 0.0768575500157767,
        "chemical_formula": "Si2",
        "core_leakage": 0.0,
        "efermi": 0.294966554397544,
        "energy": {
            "bxc": 0.0,
            "core_eval_sum": 0.0,
            "enuc": 0.0,
            "eval_sum": 1.15878396989546,
            "ewald": -8.40046478438773,
            "exc": -4.43243840114347,
            "kin": 5.68042065819194,
            "total": -8.98813320616709,
            "veff": -4.52163668829648,
            "vha": 1.66545412016302,
            "vxc": -3.51871306955016
        },
        "fft_coarse_grid": [30,30,30],
        "fft_grid": [48,48,48],
        "mpi_grid": [1,1],
        "num_atoms": 2,
        "num_bands": 8,
        "num_fv_states": 8,
        "omega": 270.011394,
        "pw_cutoff": 20.0
    },
    "task": 0,
    "threads_per_rank": 8,
    "timers": {
        "sddk::FFT3D::FFT3D": [0.005572,0.002786,0.001669,0.003903],
        "sddk::FFT3D::prepare": [0.004043,5.39066666666667e-05,3.3e-05,0.000123],
        "sddk::FFT3D::prepare|cpu": [0.003792,5.056e-05,3e-05,0.000118],
        "sddk::FFT3D::transform": [0.358215,0.000382708333333333,0.000273,0.001424],
        "sddk::FFT3D::transform_xy": [0.219888,0.000234923076923077,0.000164,0.000898],
        "sddk::FFT3D::transform_z": [0.131364,0.000140346153846154,9.3e-05,0.000448],
        "sddk::FFT3D::transform_z_serial": [0.127583,0.000136306623931624,9e-05,0.000441],
        "sddk::Gvec::find_gvec_shells": [0.002064,0.000688,0.000181,0.001409],
        "sddk::Gvec::init": [0.005287,0.00176233333333333,0.000352,0.003809],
        "sddk::matrix_storage::matrix_storage": [0.000508000000000002,4.49557522123895e-06,0.0,0.000148],
        "sddk::matrix_storage::remap_backward": [3.2e-05,5.16129032258065e-07,0.0,1e-06],
        "sddk::matrix_storage::remap_forward": [0.000125,1.5625e-06,1e-06,2e-06],
        "sddk::wave_functions::inner": [0.014412,8.62994011976048e-05,2e-06,0.000475],
        "sddk::wave_functions::orthogonalize": [0.02285,0.000368548387096774,6.2e-05,0.001302],
        "sddk::wave_functions::transform": [0.021136,0.000195703703703704,3.1e-05,0.000768],
        "sddk::wave_functions::transform|init": [0.000739,6.8425925925926e-06,0.0,0.0001],
        "sirius::Atom_type::init": [0.014293,0.014293,0.014293,0.014293],
        "sirius::Augmentation_operator::generate_pw_coeffs": [0.106957,0.106957,0.106957,0.106957],
        "sirius::Band::Band": [8e-06,8e-06,8e-06,8e-06],
        "sirius::Band::apply_h_o": [0.32464,0.00523612903225806,0.001177,0.016448],
        "sirius::Band::diag_pseudo_potential": [0.401614,0.0223118888888889,0.00939,0.04873],
        "sirius::Band::diag_pseudo_potential_davidson": [0.399618,0.022201,0.009289,0.04864],
        "sirius::Band::diag_pseudo_potential_davidson|alloc": [0.000225,1.25e-05,1e-05,1.4e-05],
        "sirius::Band::diag_pseudo_potential_davidson|evp": [0.006033,9.89016393442623e-05,5.2e-05,0.000206],
        "sirius::Band::diag_pseudo_potential_davidson|iter": [0.376299,0.0209055,0.008013,0.04743],
        "sirius::Band::diag_pseudo_potential_davidson|update_phi": [0.004889,0.000257315789473684,0.000105,0.001126],
        "sirius::Band::diag_pseudo_potential_davidson|wf": [0.000302,1.67777777777778e-05,1.4e-05,3.2e-05],
        "sirius::Band::get_h_diag": [0.011728,0.000651555555555556,0.000592,0.000868],
        "sirius::Band::get_o_diag": [0.010679,0.000593277777777778,0.000518,0.00084],
        "sirius::Band::initialize_subspace": [0.021814,0.021814,0.021814,0.021814],
        "sirius::Band::initialize_subspace|kp": [0.0202,0.0202,0.0202,0.0202],
        "sirius::Band::initialize_subspace|kp|wf": [0.001053,0.001053,0.001053,0.001053],
        "sirius::Band::residuals": [0.020593,0.000337590163934426,0.0,0.000861],
        "sirius::Band::residuals_aux": [0.011832,0.000268909090909091,0.00022,0.000398],
        "sirius::Band::set_subspace_mtrx": [0.013726,0.000221387096774194,0.000125,0.00052],
        "sirius::Band::solve_for_kset": [0.41564,0.0230911111111111,0.01009,0.049516],
        "sirius::Beta_projectors::Beta_projectors": [0.000598,0.000598,0.000598,0.000598],
        "sirius::Beta_projectors::generate_pw_coefs_t": [0.000553,0.000553,0.000553,0.000553],
        "sirius::Beta_projectors_base::dismiss": [1.5e-05,4.05405405405406e-07,0.0,1e-06],
        "sirius::Beta_projectors_base::generate": [0.013495,0.0001686875,0.000161,0.000217],
        "sirius::Beta_projectors_base::inner": [0.025793,0.0003224125,5.3e-05,0.000947],
        "sirius::Beta_projectors_base::prepare": [1.2e-05,3.24324324324324e-07,0.0,1e-06],
        "sirius::Broyden1::mix": [0.00999,0.000555,2.7e-05,0.00095],
        "sirius::DFT_ground_state::ewald_energy": [0.000667,0.000667,0.000667,0.000667],
        "sirius::DFT_ground_state::scf_loop": [1.872341,1.872341,1.872341,1.872341],
        "sirius::DFT_ground_state::scf_loop|iteration": [1.868636,0.103813111111111,0.09215,0.13064],
        "sirius::DFT_ground_state::symmetrize": [0.489401,0.0135944722222222,0.012046,0.016463],
        "sirius::Density::add_k_point_contribution_dm": [0.013162,0.000731222222222222,0.00063,0.000779],
        "sirius::Density::add_k_point_contribution_rg": [0.05477,0.00304277777777778,0.002352,0.003353],
        "sirius::Density::augment": [0.432086,0.0240047777777778,0.022793,0.032892],
        "sirius::Density::generate": [0.556823,0.0309346111111111,0.029419,0.039353],
        "sirius::Density::generate_pseudo_core_charge_density": [0.016035,0.016035,0.016035,0.016035],
        "sirius::Density::generate_rho_aug": [0.429255,0.0238475,0.022591,0.032745],
        "sirius::Density::generate_rho_aug|gemm": [0.218044,0.0121135555555556,0.011068,0.023981],
        "sirius::Density::generate_rho_aug|phase_fac": [0.002848,0.000158222222222222,0.000124,0.000304],
        "sirius::Density::generate_rho_aug|sum": [0.072623,0.00403461111111111,0.003391,0.005187],
        "sirius::Density::generate_valence": [0.556751,0.0309306111111111,0.029416,0.039345],
        "sirius::Density::initial_density": [0.021903,0.021903,0.021903,0.021903],
        "sirius::Density::symmetrize_density_matrix": [0.044917,0.00249538888888889,0.002396,0.002857],
        "sirius::K_point::K_point": [5e-06,5e-06,5e-06,5e-06],
        "sirius::K_point::generate_gkvec": [0.000391,0.000391,0.000391,0.000391],
        "sirius::K_point::initialize": [0.001076,0.001076,0.001076,0.001076],
        "sirius::K_point_set::K_point_set": [0.009918,0.009918,0.009918,0.009918],
        "sirius::K_point_set::add_kpoint": [1.1e-05,1.1e-05,1.1e-05,1.1e-05],
        "sirius::K_point_set::find_band_occupancies": [0.001203,6.68333333333333e-05,5.1e-05,9.3e-05],
        "sirius::K_point_set::sync_band_energies": [7e-05,3.88888888888889e-06,3e-06,8e-06],
        "sirius::Local_operator::apply_h": [0.255601,0.00412259677419355,0.000753,0.013398],
        "sirius::Local_operator::prepare": [0.0152,0.0004,2.8e-05,0.001177],
        "sirius::Non_local_operator::Non_local_operator": [3.5e-05,9.21052631578948e-07,0.0,4e-06],
        "sirius::Non_local_operator::apply": [0.0391,0.000315322580645161,7.9e-05,0.000916],
        "sirius::Periodic_function::add": [0.004958,0.000130473684210526,7.9e-05,0.00025],
        "sirius::Periodic_function::inner": [0.070489,0.000196896648044693,9.6e-05,0.000361],
        "sirius::Periodic_function::integrate": [0.002213,0.000122944444444444,9.2e-05,0.000202],
        "sirius::Potential::Potential": [0.166054,0.166054,0.166054,0.166054],
        "sirius::Potential::generate": [0.329162,0.0173243157894737,0.015877,0.020689],
        "sirius::Potential::generate_D_operator_matrix": [0.187945,0.00989184210526316,0.009101,0.010949],
        "sirius::Potential::generate_PAW_effective_potential": [1e-05,5.26315789473684e-07,0.0,1e-06],