{
    "git_hash" : "c4184a7b42e44261ad5d92a5095783599513f754",
    "build_date" : "Wed Jan 27 10:17:40 CET 2016",
    "num_ranks" : 1,
    "max_num_threads" : 8,
    "mpi_grid" : [1],
    "fft_grid" : [48,48,48],
    "chemical_formula" : "SrVO3",
    "num_atoms" : 5,
    "num_fv_states" : 40,
    "num_bands" : 40,
    "aw_cutoff" : 7.0,
    "pw_cutoff" : 20.0,
    "omega" : 382.708924,
    "energy" : {
        "total" : -156.37155316,
        "evxc" : -31.24985404,
        "eexc" : -29.64982046,
        "evha" : 70.66192986,
        "enuc" : 0.0
    },
    "timers" : {
        "sirius::Augmentation_operator::generate_pw_coeffs" : [22.67520, 5.090203, 9.056063, 7.55840],
        "sirius::Band::apply_h_o" : [19.816155, 0.0124610, 0.1024850, 0.05081065],
        "sirius::Band::diag_h_o" : [2.454318, 0.0007560, 0.0192920, 0.006293123],
        "sirius::Band::diag_pseudo_potential" : [36.461674, 0.1635210, 2.023765, 0.6076946],
        "sirius::Band::diag_pseudo_potential_davidson" : [36.248882, 0.1601110, 2.020318, 0.6041480],
        "sirius::Band::diag_pseudo_potential_davidson|update_phi" : [1.644762, 0.0030250, 0.055130, 0.01807431],
        "sirius::Band::get_h_diag" : [2.311187, 0.0354180, 0.0478660, 0.03851978],
        "sirius::Band::get_o_diag" : [2.206517, 0.0334430, 0.0486680, 0.03677528],
        "sirius::Band::residuals" : [3.841627, 0.0011350, 0.0375660, 0.01164129],
        "sirius::Band::residuals_aux" : [1.232904, 0.0008340, 0.0090790, 0.003736073],
        "sirius::Band::set_fv_h_o" : [3.604643, 0.0003680, 0.0356160, 0.009242674],
        "sirius::Beta_projectors::generate" : [4.920047, 0.0098510, 0.0172890, 0.01093344],
        "sirius::Beta_projectors::inner" : [1.674407, 0.0001550, 0.0081410, 0.003720904],
        "sirius::Broyden1::mix" : [0.8991240, 0.0020560, 0.1071430, 0.05994160],
        "sirius::DFT_ground_state::ewald_energy" : [0.0155630, 0.0155630, 0.0155630, 0.0155630],
        "sirius::DFT_ground_state::scf_loop" : [83.340623, 83.340623, 83.340623, 83.340623],
        "sirius::DFT_ground_state::scf_loop|iteration" : [83.155199, 3.710159, 10.906051, 5.543680],
        "sirius::Density::add_k_point_contribution" : [0.9201120, 0.0137090, 0.0236280, 0.01533520],
        "sirius::Density::add_k_point_contribution_rg" : [5.667874, 0.0805830, 0.1588690, 0.09446457],
        "sirius::Density::augment" : [31.820485, 2.059917, 2.213452, 2.121366],
        "sirius::Density::generate" : [37.556985, 2.409356, 2.591843, 2.503799],
        "sirius::Density::generate_pseudo_core_charge_density" : [0.3155670, 0.3155670, 0.3155670, 0.3155670],
        "sirius::Density::generate_rho_radial_integrals" : [0.5845980, 0.2896140, 0.2949840, 0.2922990],
        "sirius::Density::generate_valence" : [37.556793, 2.409345, 2.591835, 2.503786],
        "sirius::Density::generate_valence_density_it" : [5.669708, 0.3446860, 0.4340460, 0.3779805],
        "sirius::Density::initial_density" : [0.3223350, 0.3223350, 0.3223350, 0.3223350],
        "sirius::FFT3D::transform" : [9.499384, 0.0003060, 0.0089260, 0.0004710594],
        "sirius::FFT3D::transform_xy" : [6.384209, 0.0001970, 0.0076460, 0.0003165828],
        "sirius::FFT3D::transform_z_serial" : [2.955083, 0.0000930, 0.0062790, 0.0001465379],
        "sirius::Hloc_operator::apply" : [10.960419, 0.0015060, 0.0649590, 0.02810364],
        "sirius::K_point::initialize" : [8.911781, 2.160966, 2.324236, 2.227945],
        "sirius::K_set::find_band_occupancies" : [0.0240060, 0.0013130, 0.0018580, 0.00160040],
        "sirius::K_set::find_eigen_states" : [36.463105, 0.6932790, 7.939192, 2.430874],
        "sirius::Non_local_operator::apply" : [2.755141, 0.0001980, 0.0099610, 0.003532232],
        "sirius::Periodic_function::add" : [0.3800030, 0.004150, 0.0073640, 0.004750038],
        "sirius::Periodic_function::fft_transform" : [0.2832830, 0.0037970, 0.0123090, 0.004426297],
        "sirius::Potential::Potential" : [0.2134920, 0.2134920, 0.2134920, 0.2134920],
        "sirius::Potential::generate_D_operator_matrix" : [1.569997, 0.0872410, 0.1106780, 0.09812481],
        "sirius::Potential::generate_effective_potential" : [2.515386, 0.1412770, 0.1751520, 0.1572116],
        "sirius::Potential::generate_local_potential" : [0.2121190, 0.2121190, 0.2121190, 0.2121190],
        "sirius::Potential::poisson" : [0.2082880, 0.0117830, 0.0217910, 0.0130180],
        "sirius::Potential::xc" : [0.3519660, 0.0197450, 0.0248440, 0.02199788],
        "sirius::Potential::xc_it_nonmagnetic" : [0.3513820, 0.0197170, 0.02480, 0.02196137],
        "sirius::Symmetry::symmetrize_function" : [4.764805, 0.3095160, 0.3529570, 0.3176537],
        "sirius::Unit_cell::find_nearest_neighbours" : [0.0016590, 0.0016590, 0.0016590, 0.0016590],
        "sirius::Unit_cell::get_symmetry" : [0.0044860, 0.0044860, 0.0044860, 0.0044860],
        "sirius::Unit_cell::make_periodic_function" : [0.0483710, 0.0157970, 0.0166030, 0.01612367],
        "sirius::Utils::find_translations" : [0.0038010, 0.001220, 0.0012930, 0.0012670],
        "sirius::Wave_functions::inner" : [3.396949, 0.0001070, 0.0186850, 0.004355063],
        "sirius::Wave_functions::swap_backward" : [0.0002150, 0.0, 0.0000110, 0.0000005512821],
        "sirius::Wave_functions::swap_forward" : [0.0021460, 0.0, 0.000020, 0.000004768889]
    }
}
