{
    "build_date": "Tue, 22 Nov 2016 12:17:29",
    "comm_world_size": 1,
    "git_hash": "3913a7c932ee4bbaf58da36d084268f14a2d59fe",
    "ground_state": {
        "aw_cutoff": 7,
        "band_gap": 0.340976527254314,
        "chemical_formula": "LiF",
        "core_leakage": 0.0,
        "efermi": 0.225,
        "energy": {
            "bxc": 0.0,
            "core_eval_sum": 0.0,
            "enuc": 0.0,
            "eval_sum": -4.4164107601806,
            "ewald": -20.4843022271533,
            "exc": -6.99132238092422,
            "kin": -13.4676168153196,
            "total": -36.6717164740277,
            "veff": 9.05120605513898,
            "vha": 17.5080030254149,
            "vxc": -8.45679697027595
        },
        "fft_coarse_grid": [
            24,
            24,
            24
        ],
        "fft_grid": [
            36,
            36,
            36
        ],
        "mpi_grid": [
            1
        ],
        "num_atoms": 2,
        "num_bands": 15,
        "num_fv_states": 15,
        "omega": 110.09266138705,
        "pw_cutoff": 20
    },
    "task": 0,
    "threads_per_rank": 8,
    "timers": {
        "Eigenproblem_lapack|AZ=eZ": [
            0.058379,
            0.000238281632653061,
            0.000117,
            0.001113
        ],
        "sirius::Augmentation_operator::generate_pw_coeffs": [
            0.361319,
            0.1806595,
            0.176578,
            0.184741
        ],
        "sirius::Augmentation_operator::get_radial_integrals": [
            0.322189,
            0.1610945,
            0.157435,
            0.164754
        ],
        "sirius::Band::apply_h_o": [
            1.61446,
            0.00658963265306122,
            0.000802,
            0.020986
        ],
        "sirius::Band::diag_pseudo_potential": [
            1.988098,
            0.024851225,
            0.012248,
            0.080767
        ],
        "sirius::Band::diag_pseudo_potential_davidson": [
            1.935895,
            0.0241986875,
            0.01165,
            0.080116
        ],
        "sirius::Band::diag_pseudo_potential_davidson|update_phi": [
            0.03033,
            0.000344659090909091,
            0.00014,
            0.001856
        ],
        "sirius::Band::get_h_diag": [
            0.026795,
            0.0003349375,
            0.000271,
            0.00049
        ],
        "sirius::Band::get_o_diag": [
            0.024202,
            0.000302525,
            0.000242,
            0.000522
        ],
        "sirius::Band::initialize_subspace": [
            0.133641,
            0.016705125,
            0.013917,
            0.022497
        ],
        "sirius::Band::residuals": [
            0.095328,
            0.000402227848101266,
            0.0,
            0.002694
        ],
        "sirius::Band::residuals_aux": [
            0.053676,
            0.000329300613496933,
            0.00023,
            0.00252
        ],
        "sirius::Band::set_subspace_mtrx": [
            0.067534,
            0.000275648979591837,
            0.00014,
            0.000873
        ],
        "sirius::Band::solve_for_kset": [
            1.988337,
            0.1988337,
            0.106754,
            0.584966
        ],
        "sirius::Beta_projectors::generate": [
            0.000255,
            7.65765765765764e-07,
            0.0,
            1.1e-05
        ],
        "sirius::Beta_projectors::inner": [
            0.032126,
            8.99887955182073e-05,
            1.3e-05,
            0.000311
        ],
        "sirius::Broyden1::mix": [
            0.01154,
            0.001154,
            7.9e-05,
            0.003228
        ],
        "sirius::DFT_ground_state::ewald_energy": [
            0.000708,
            0.000708,
            0.000708,
            0.000708
        ],
        "sirius::DFT_ground_state::initialize_subspace": [
            0.151212,
            0.151212,
            0.151212,
            0.151212
        ],
        "sirius::DFT_ground_state::scf_loop": [
            2.859231,
            2.859231,
            2.859231,
            2.859231
        ],
        "sirius::DFT_ground_state::scf_loop|iteration": [
            2.855034,
            0.2855034,
            0.192272,
            0.671025
        ],
        "sirius::Density::add_k_point_contribution_dm": [
            0.014881,
            0.0001860125,
            0.000149,
            0.000332
        ],
        "sirius::Density::add_k_point_contribution_rg": [
            0.219074,
            0.002738425,
            0.002363,
            0.004106
        ],
        "sirius::Density::augment": [
            0.074105,
            0.0074105,
            0.006806,
            0.008185
        ],
        "sirius::Density::augment|mpi": [
            0.000256,
            2.56e-05,
            1.7e-05,
            4e-05
        ],
        "sirius::Density::generate": [
            0.327346,
            0.0327346,
            0.030588,
            0.037559
        ],
        "sirius::Density::generate_pseudo_core_charge_density": [
            0.025415,
            0.025415,
            0.025415,
            0.025415
        ],
        "sirius::Density::generate_rho_aug": [
            0.072141,
            0.0072141,
            0.00661,
            0.007983
        ],
        "sirius::Density::generate_rho_aug|gemm": [
            0.015735,
            0.00078675,
            0.000656,
            0.002018
        ],
        "sirius::Density::generate_rho_aug|phase_fac": [
            0.003085,
            0.00015425,
            0.000102,
            0.000238
        ],
        "sirius::Density::generate_rho_aug|sum": [
            0.028489,
            0.00142445,
            0.001224,
            0.002033
        ],
        "sirius::Density::generate_rho_radial_integrals": [
            0.04322,
            0.02161,
            0.018852,
            0.024368
        ],
        "sirius::Density::generate_valence": [
            0.327323,
            0.0327323,
            0.030586,
            0.037557
        ],
        "sirius::Density::initial_density": [
            0.025609,
            0.025609,
            0.025609,
            0.025609
        ],
        "sirius::Density::symmetrize_density_matrix": [
            0.012723,
            0.0012723,
            0.001248,
            0.001306
        ],
        "sirius::FFT3D::prepare": [
            0.018123,
            6.24931034482758e-05,
            3e-05,
            0.000166
        ],
        "sirius::FFT3D::transform": [
            1.44553600000001,
            0.000293450263905807,
            0.0002,
            0.004346
        ],
        "sirius::FFT3D::transform_xy": [
            0.832659999999998,
            0.000169033698741372,
            0.000108,
            0.004213
        ],
        "sirius::FFT3D::transform_z_serial": [
            0.589364000000004,
            0.000119643524157532,
            7.2e-05,
            0.004009
        ],
        "sirius::Hloc_operator::apply": [
            1.489763,
            0.00608066530612245,
            0.000609,
            0.020203
        ],
        "sirius::K_point::initialize": [
            0.62672,
            0.07834,
            0.067845,
            0.084682
        ],
        "sirius::K_set::find_band_occupancies": [
            0.000211,
            2.11e-05,
            1.3e-05,
            2.9e-05
        ],
        "sirius::Non_local_operator::apply": [
            0.071128,
            0.000145159183673469,
            4.1e-05,
            0.000349
        ],
        "sirius::Periodic_function::add": [
            0.006548,
            0.000119054545454545,
            8.4e-05,
            0.000177
        ],
        "sirius::Periodic_function::fft_transform|comm": [
            6.8e-05,
            3.09090909090909e-06,
            2e-06,
            4e-06
        ],