{
    "build_date": "Fri, 11 Aug 2017 12:06:36",
    "comm_world_size": 1,
    "git_hash": "15b43efedc91334320f9e938ea2a7b87dc49f3bc",
    "ground_state": {
        "aw_cutoff": 7.0,
        "band_gap": 0.0,
        "chemical_formula": "Ni",
        "core_leakage": 0.0,
        "efermi": 0.667448979076957,
        "energy": {
            "bxc": -0.0373112280115676,
            "core_eval_sum": 0.0,
            "enuc": 0.0,
            "eval_sum": -10.7439598288031,
            "ewald": -111.75579555951,
            "exc": -17.7809009976875,
            "kin": 48.8502890847609,
            "total": -171.580089431451,
            "veff": -59.5569376855525,
            "vha": 107.089113725254,
            "vxc": -22.2451238171767
        },
        "fft_coarse_grid": [18,18,18],
        "fft_grid": [40,40,40],
        "mpi_grid": [1,1],
        "num_atoms": 1,
        "num_bands": 38,
        "num_fv_states": 19,
        "omega": 73.3928435946975,
        "pw_cutoff": 25.0
    },
    "task": 0,
    "threads_per_rank": 8,
    "timers": {
        "sddk::FFT3D::FFT3D": [0.004682,0.002341,0.002199,0.002483],
        "sddk::FFT3D::prepare": [0.019428,6.12870662460568e-05,3.2e-05,0.000173],
        "sddk::FFT3D::prepare|cpu": [0.018461,5.82365930599369e-05,3e-05,0.000166],
        "sddk::FFT3D::transform": [6.56471599999991,0.000265605923288555,0.000177,0.005321],
        "sddk::FFT3D::transform_xy": [3.34473599999998,0.000135326751901601,8.5e-05,0.003931],
        "sddk::FFT3D::transform_z": [3.06759199999999,0.000124113610616604,7.2e-05,0.004124],
        "sddk::FFT3D::transform_z_serial": [2.97955199999996,0.000120551545557532,7e-05,0.004119],
        "sddk::Gvec::find_gvec_shells": [0.001509,0.0003018,0.000111,0.000902],
        "sddk::Gvec::init": [0.003491,0.0006982,0.000198,0.00239],
        "sddk::matrix_storage::matrix_storage": [0.00068200000000001,9.47222222222236e-07,0.0,4.1e-05],
        "sddk::matrix_storage::remap_backward": [0.000512000000000005,6.78145695364245e-07,0.0,1.5e-05],
        "sddk::matrix_storage::remap_forward": [0.001406,1.4216380182002e-06,0.0,1.6e-05],
        "sddk::wave_functions::inner": [0.289114999999999,0.000142772839506172,1e-06,0.000503],
        "sddk::wave_functions::orthogonalize": [0.451500999999999,0.000598014569536423,7.3e-05,0.00177],
        "sddk::wave_functions::transform": [0.420712,0.000308439882697947,3.5e-05,0.001062],
        "sddk::wave_functions::transform|init": [0.00573500000000002,4.20454545454547e-06,0.0,9.2e-05],
        "sirius::Atom_type::init": [0.014065,0.014065,0.014065,0.014065],
        "sirius::Augmentation_operator::generate_pw_coeffs": [0.079016,0.079016,0.079016,0.079016],
        "sirius::Band::Band": [9e-06,9e-06,9e-06,9e-06],
        "sirius::Band::apply_h_o": [6.55999200000001,0.00868873112582783,0.00065,0.039525],
        "sirius::Band::diag_pseudo_potential": [8.16553300000001,0.0697908803418804,0.025453,0.140931],
        "sirius::Band::diag_pseudo_potential_davidson": [8.15379,0.0696905128205128,0.02537,0.140856],
        "sirius::Band::diag_pseudo_potential_davidson|alloc": [0.005565,4.75641025641026e-05,3.4e-05,0.0001],
        "sirius::Band::diag_pseudo_potential_davidson|evp": [0.425182,0.000567666221628839,0.000181,0.002458],
        "sirius::Band::diag_pseudo_potential_davidson|iter": [8.05968,0.0688861538461538,0.024633,0.139989],
        "sirius::Band::diag_pseudo_potential_davidson|update_phi": [0.08655,0.000366737288135593,0.000149,0.001625],
        "sirius::Band::diag_pseudo_potential_davidson|wf": [0.002035,1.73931623931624e-05,1.3e-05,3.4e-05],
        "sirius::Band::get_h_diag": [0.057032,0.000487452991452992,0.000362,0.000987],
        "sirius::Band::get_o_diag": [0.026818,0.000229213675213675,0.000169,0.000358],
        "sirius::Band::initialize_subspace": [0.075737,0.075737,0.075737,0.075737],
        "sirius::Band::initialize_subspace|kp": [0.074229,0.024743,0.024398,0.025145],
        "sirius::Band::initialize_subspace|kp|wf": [0.001483,0.000494333333333333,0.000464,0.000541],
        "sirius::Band::residuals": [0.350488999999999,0.000467942590120159,0.0,0.004396],
        "sirius::Band::residuals_aux": [0.17124,0.000283041322314049,0.000169,0.004151],
        "sirius::Band::set_subspace_mtrx": [0.238551,0.000315961589403973,0.000123,0.00427],
        "sirius::Band::solve_for_kset": [8.212339,0.210572794871795,0.079277,0.410328],
        "sirius::Beta_projectors::Beta_projectors": [0.000737,0.000245666666666667,0.00023,0.000274],
        "sirius::Beta_projectors::generate_pw_coefs_t": [0.00072,0.00024,0.000225,0.000267],
        "sirius::Beta_projectors_base::dismiss": [9.69999999999998e-05,4.0928270042194e-07,0.0,1e-06],
        "sirius::Beta_projectors_base::generate": [0.025978,2.97912844036698e-05,2.4e-05,5.1e-05],
        "sirius::Beta_projectors_base::inner": [0.102003,0.000103137512639029,8e-06,0.000254],
        "sirius::Beta_projectors_base::prepare": [8.69999999999999e-05,3.67088607594936e-07,0.0,9e-06],
        "sirius::Broyden1::mix": [0.018457,0.00047325641025641,1.6e-05,0.001036],
        "sirius::DFT_ground_state::compute_atomic_mag_mom": [0.512084,0.013130358974359,0.012763,0.015267],
        "sirius::DFT_ground_state::ewald_energy": [0.000395,0.000395,0.000395,0.000395],
        "sirius::DFT_ground_state::scf_loop": [13.844892,13.844892,13.844892,13.844892],
        "sirius::DFT_ground_state::scf_loop|iteration": [13.84061,0.354887435897436,0.216959,0.554373],
        "sirius::DFT_ground_state::symmetrize": [0.897168,0.0115021538461538,0.010363,0.01508],
        "sirius::Density::add_k_point_contribution_dm": [0.050357,0.00043040170940171,0.000355,0.001104],
        "sirius::Density::add_k_point_contribution_rg": [0.719388,0.00614861538461538,0.005033,0.019802],
        "sirius::Density::augment": [0.834,0.0213846153846154,0.01964,0.028426],
        "sirius::Density::generate": [1.752055,0.0449244871794872,0.041155,0.065462],
        "sirius::Density::generate_pseudo_core_charge_density": [0.018241,0.018241,0.018241,0.018241],
        "sirius::Density::generate_rho_aug": [0.822432,0.021088,0.019292,0.028012],
        "sirius::Density::generate_rho_aug|gemm": [0.552161,0.00707898717948718,0.002289,0.014241],
        "sirius::Density::generate_rho_aug|phase_fac": [0.003153,8.08461538461539e-05,5.7e-05,0.000131],
        "sirius::Density::generate_rho_aug|sum": [0.183504,0.00235261538461538,0.001752,0.004135],
        "sirius::Density::generate_valence": [1.751907,0.0449206923076923,0.041152,0.065459],
        "sirius::Density::initial_density": [0.036557,0.036557,0.036557,0.036557],
        "sirius::Density::symmetrize_density_matrix": [0.118449,0.00303715384615385,0.002907,0.004342],
        "sirius::K_point::K_point": [2e-06,6.66666666666667e-07,0.0,1e-06],
        "sirius::K_point::generate_gkvec": [0.000772,0.000257333333333333,0.000223,0.000276],
        "sirius::K_point::initialize": [0.001722,0.000574,0.000548,0.00061],
        "sirius::K_point_set::K_point_set": [0.010961,0.010961,0.010961,0.010961],
        "sirius::K_point_set::add_kpoint": [1.5e-05,5e-06,2e-06,1e-05],
        "sirius::K_point_set::find_band_occupancies": [0.021032,0.000539282051282051,0.000437,0.000692],
        "sirius::K_point_set::sync_band_energies": [0.000158,4.05128205128205e-06,3e-06,5e-06],
        "sirius::Local_operator::apply_h": [6.211365,0.00822697350993378,0.000518,0.038956],
        "sirius::Local_operator::prepare": [0.046835,0.00029271875,9e-06,0.00158],
        "sirius::Non_local_operator::Non_local_operator": [0.000186,7.74999999999998e-07,0.0,1e-05],
        "sirius::Non_local_operator::apply": [0.229467,0.000151964900662252,3.8e-05,0.000495],
        "sirius::Periodic_function::add": [0.008484,0.00010605,6e-05,0.000173],
        "sirius::Periodic_function::inner": [0.145702,0.00015888985823337,8.2e-05,0.001165],
        "sirius::Periodic_function::integrate": [0.008849,0.000113448717948718,8.6e-05,0.000252],