{
    "build_date": "Tue, 15 Aug 2017 21:42:48",
    "comm_world_size": 1,
    "git_hash": "3c4e5b986c632b055a26fedb91acabdce5f6cbc6",
    "ground_state": {
        "aw_cutoff": 7.0,
        "band_gap": 0.0,
        "chemical_formula": "Ni",
        "core_leakage": 0.0,
        "efermi": 0.667450287104382,
        "energy": {
            "bxc": -0.0372855335813381,
            "core_eval_sum": 0.0,
            "enuc": 0.0,
            "eval_sum": -10.7438796724195,
            "ewald": -111.75579555951,
            "exc": -17.7808964715782,
            "kin": 48.8503092555717,
            "total": -171.580063228249,
            "veff": -59.5569033944099,
            "vha": 107.089264785451,
            "vxc": -22.2451408679845
        },
        "fft_coarse_grid": [18,18,18],
        "fft_grid": [40,40,40],
        "mpi_grid": [1,1],
        "num_atoms": 1,
        "num_bands": 38,
        "num_fv_states": 19,
        "omega": 73.3928435946975,
        "pw_cutoff": 25.0
    },
    "task": 0,
    "threads_per_rank": 8,
    "timers": {
        "sddk::FFT3D::FFT3D": [0.00457,0.002285,0.002141,0.002429],
        "sddk::FFT3D::prepare": [0.012658,6.17463414634146e-05,3.1e-05,0.000144],
        "sddk::FFT3D::prepare|cpu": [0.011955,5.83170731707318e-05,2.8e-05,0.000139],
        "sddk::FFT3D::transform": [4.06277999999999,0.000256488636363636,0.000175,0.004396],
        "sddk::FFT3D::transform_xy": [2.057751,0.000129908522727273,7.5e-05,0.004013],
        "sddk::FFT3D::transform_z": [1.911233,0.000120658648989899,7.6e-05,0.004134],
        "sddk::FFT3D::transform_z_serial": [1.857769,0.000117283396464646,7.3e-05,0.004127],
        "sddk::Gvec::find_gvec_shells": [0.001397,0.0002794,9.5e-05,0.000817],
        "sddk::Gvec::init": [0.003335,0.000667,0.000179,0.002267],
        "sddk::matrix_storage::matrix_storage": [0.000398000000000003,8.50427350427356e-07,0.0,1.5e-05],
        "sddk::matrix_storage::remap_backward": [0.000277,5.84388185654009e-07,0.0,1.5e-05],
        "sddk::matrix_storage::remap_forward": [0.00082800000000001,1.32692307692309e-06,0.0,1.2e-05],
        "sddk::wave_functions::inner": [0.186382999999999,0.00014722195892575,1e-06,0.000586],
        "sddk::wave_functions::orthogonalize": [0.290439,0.000612740506329114,4.5e-05,0.001637],
        "sddk::wave_functions::transform": [0.266846,0.000313567567567568,2.5e-05,0.001057],
        "sddk::wave_functions::transform|init": [0.003414,4.0117508813161e-06,0.0,7.6e-05],
        "sirius::Atom_type::init": [0.013649,0.013649,0.013649,0.013649],
        "sirius::Augmentation_operator::generate_pw_coeffs": [0.078651,0.078651,0.078651,0.078651],
        "sirius::Band::Band": [7e-06,7e-06,7e-06,7e-06],
        "sirius::Band::apply_h_o": [4.084179,0.00861641139240506,0.000673,0.023081],
        "sirius::Band::diag_pseudo_potential": [5.070221,0.0676029466666667,0.024909,0.139687],
        "sirius::Band::diag_pseudo_potential_davidson": [5.062536,0.06750048,0.024831,0.139565],
        "sirius::Band::diag_pseudo_potential_davidson|alloc": [0.003419,4.55866666666667e-05,3.4e-05,5.9e-05],
        "sirius::Band::diag_pseudo_potential_davidson|evp": [0.270233,0.000577420940170941,0.000183,0.001876],
        "sirius::Band::diag_pseudo_potential_davidson|iter": [5.004435,0.0667258,0.024141,0.138616],
        "sirius::Band::diag_pseudo_potential_davidson|update_phi": [0.056462,0.000371460526315789,0.000149,0.001613],
        "sirius::Band::diag_pseudo_potential_davidson|wf": [0.001188,1.584e-05,1.3e-05,3.9e-05],
        "sirius::Band::get_h_diag": [0.035159,0.000468786666666667,0.000361,0.000622],
        "sirius::Band::get_o_diag": [0.016647,0.00022196,0.000167,0.000323],
        "sirius::Band::initialize_subspace": [0.075025,0.075025,0.075025,0.075025],
        "sirius::Band::initialize_subspace|kp": [0.073268,0.0244226666666667,0.024273,0.024609],
        "sirius::Band::initialize_subspace|kp|wf": [0.001712,0.000570666666666667,0.000528,0.00061],
        "sirius::Band::residuals": [0.212686,0.000454457264957265,0.0,0.003859],
        "sirius::Band::residuals_aux": [0.102212,0.000274026809651475,0.000184,0.003711],
        "sirius::Band::set_subspace_mtrx": [0.148675,0.000313660337552742,0.000123,0.003711],
        "sirius::Band::solve_for_kset": [5.100925,0.204037,0.088357,0.404688],
        "sirius::Beta_projectors::Beta_projectors": [0.000685,0.000228333333333333,0.000196,0.000245],
        "sirius::Beta_projectors::generate_pw_coefs_t": [0.000664,0.000221333333333333,0.000189,0.000239],
        "sirius::Beta_projectors_base::dismiss": [5.79999999999999e-05,3.79084967320261e-07,0.0,1e-06],
        "sirius::Beta_projectors_base::generate": [0.015736,2.86630236794171e-05,2.3e-05,5.5e-05],
        "sirius::Beta_projectors_base::inner": [0.0657310000000002,0.000105338141025641,8e-06,0.000284],
        "sirius::Beta_projectors_base::prepare": [5.79999999999999e-05,3.79084967320261e-07,0.0,1e-06],
        "sirius::Broyden1::mix": [0.009869,0.00039476,1.6e-05,0.000799],
        "sirius::DFT_ground_state::compute_atomic_mag_mom": [0.329891,0.01319564,0.012827,0.015701],
        "sirius::DFT_ground_state::ewald_energy": [0.000489,0.000489,0.000489,0.000489],
        "sirius::DFT_ground_state::scf_loop": [8.611401,8.611401,8.611401,8.611401],
        "sirius::DFT_ground_state::scf_loop|iteration": [8.607258,0.34429032,0.22754,0.548694],
        "sirius::DFT_ground_state::symmetrize": [0.564934,0.01129868,0.010417,0.014194],
        "sirius::Density::add_k_point_contribution_dm": [0.031638,0.00042184,0.000349,0.000709],
        "sirius::Density::add_k_point_contribution_rg": [0.431825,0.00575766666666667,0.005033,0.007209],
        "sirius::Density::augment": [0.519238,0.02076952,0.019226,0.022341],
        "sirius::Density::generate": [1.07592,0.0430368,0.041524,0.045519],
        "sirius::Density::generate_pseudo_core_charge_density": [0.018325,0.018325,0.018325,0.018325],
        "sirius::Density::generate_rho_aug": [0.512158,0.02048632,0.018953,0.022113],
        "sirius::Density::generate_rho_aug|gemm": [0.342264,0.00684528,0.002341,0.012081],
        "sirius::Density::generate_rho_aug|phase_fac": [0.002008,8.032e-05,6.1e-05,0.000111],
        "sirius::Density::generate_rho_aug|sum": [0.116335,0.0023267,0.001776,0.003026],
        "sirius::Density::generate_valence": [1.07583,0.0430332,0.04152,0.045516],
        "sirius::Density::initial_density": [0.042283,0.042283,0.042283,0.042283],
        "sirius::Density::symmetrize_density_matrix": [0.074373,0.00297492,0.002894,0.003137],
        "sirius::K_point::K_point": [2e-06,6.66666666666667e-07,0.0,1e-06],
        "sirius::K_point::generate_gkvec": [0.000724,0.000241333333333333,0.000204,0.000266],
        "sirius::K_point::initialize": [0.001577,0.000525666666666667,0.000461,0.000565],
        "sirius::K_point_set::K_point_set": [0.010868,0.010868,0.010868,0.010868],
        "sirius::K_point_set::add_kpoint": [1.7e-05,5.66666666666667e-06,3e-06,1.1e-05],
        "sirius::K_point_set::find_band_occupancies": [0.013712,0.00054848,0.000439,0.000798],
        "sirius::K_point_set::sync_band_energies": [0.000103,4.12e-06,3e-06,5e-06],
        "sirius::Local_operator::apply_h": [3.863917,0.00815172362869199,0.000528,0.021961],
        "sirius::Local_operator::prepare": [0.031415,0.000302067307692308,9e-06,0.001456],
        "sirius::Non_local_operator::Non_local_operator": [0.00013,8.33333333333332e-07,0.0,1.1e-05],
        "sirius::Non_local_operator::apply": [0.144692,0.000152628691983123,3.6e-05,0.000455],
        "sirius::Periodic_function::add": [0.005396,0.000103769230769231,4.8e-05,0.000209],
        "sirius::Periodic_function::inner": [0.086968,0.000146164705882353,8.4e-05,0.000312],
        "sirius::Periodic_function::integrate": [0.00521,0.0001042,8.5e-05,0.000127],
        "sirius::Potential::Potential": [0.198539,0.198539,0.198539,0.198539],
        "sirius::Potential::generate": [1.426535,0.0548667307692308,0.052301,0.059161],