{
    "build_date": "Wed, 13 Sep 2017 13:57:41",
    "comm_world_size": 1,
    "git_hash": "467cca80bce65a95274ec0901338c5c9bb80d72d",
    "ground_state": {
        "aw_cutoff": 7.0,
        "band_gap": 0.0,
        "chemical_formula": "Ni",
        "core_leakage": 0.0,
        "efermi": 0.656514870101655,
        "energy": {
            "bxc": -0.00101358295789427,
            "core_eval_sum": 0.0,
            "enuc": 0.0,
            "eval_sum": -10.6647810914812,
            "ewald": -111.755794874491,
            "exc": -17.7736437509698,
            "kin": 48.7983920579664,
            "total": -171.629260890914,
            "veff": -59.4621595664897,
            "vha": 107.413495895001,
            "vxc": -22.2717067735283
        },
        "fft_coarse_grid": [18, 18, 18],
        "fft_grid": [40, 40, 40],
        "mpi_grid": [1, 1],
        "num_atoms": 1,
        "num_bands": 38,
        "num_fv_states": 19,
        "omega": 73.3928435946975,
        "pw_cutoff": 25.0
    },
    "task": 0,
    "threads_per_rank": 8,
    "timers": {
        "sddk::FFT3D::FFT3D": [0.004225, 0.0021125, 0.001955, 0.00227],
        "sddk::FFT3D::prepare": [0.024597, 5.80117924528302e-05, 3.2e-05, 0.000172],
        "sddk::FFT3D::prepare|cpu": [0.023199, 5.47146226415094e-05, 3e-05, 0.000166],
        "sddk::FFT3D::transform": [9.16856499999976, 0.000248322544824218, 0.000161, 0.004512],
        "sddk::FFT3D::transform_xy": [4.57975999999993, 0.000124038784464545, 8.6e-05, 0.004279],
        "sddk::FFT3D::transform_z": [4.36288999999999, 0.00011816505064731, 5.1e-05, 0.004174],
        "sddk::FFT3D::transform_z_serial": [4.23563199999994, 0.000114718379286061, 4.7e-05, 0.004168],
        "sddk::Gvec::find_gvec_shells": [0.002037, 0.0002037, 7.6e-05, 0.000791],
        "sddk::Gvec::init": [0.004909, 0.0004909, 0.00017, 0.002609],
        "sddk::matrix_storage::matrix_storage": [0.00160699999999995, 1.39496527777773e-06, 0.0, 0.000101],
        "sddk::matrix_storage::remap_backward": [0.000826000000000012, 7.91187739463613e-07, 0.0, 1.5e-05],
        "sddk::matrix_storage::remap_forward": [0.00203199999999999, 1.43909348441926e-06, 0.0, 1.6e-05],
        "sddk::remap_gvec_to_shells|init": [0.002445, 0.002445, 0.002445, 0.002445],
        "sddk::remap_gvec_to_shells|remap_backward": [0.011546, 0.0001255, 0.000106, 0.000165],
        "sddk::remap_gvec_to_shells|remap_forward": [0.011006, 0.000119630434782609, 0.000106, 0.0002],
        "sddk::wave_functions::inner": [0.448525999999997, 0.00016321906841339, 1e-06, 0.000535],
        "sddk::wave_functions::orthogonalize": [0.546871, 0.00080898076923077, 7.2e-05, 0.00175],
        "sddk::wave_functions::transform": [0.595934000000002, 0.000342884925201382, 3.3e-05, 0.001015],
        "sddk::wave_functions::transform|init": [0.015837, 9.11219792865362e-06, 0.0, 7.6e-05],
        "sirius::Atom_type::init": [0.020079, 0.020079, 0.020079, 0.020079],
        "sirius::Augmentation_operator::generate_pw_coeffs": [0.077791, 0.077791, 0.077791, 0.077791],
        "sirius::Band::Band": [1.2e-05, 1.2e-05, 1.2e-05, 1.2e-05],
        "sirius::Band::apply_h_o": [9.933592, 0.00951493486590039, 0.000687, 0.024403],
        "sirius::Band::diag_pseudo_potential": [12.021966, 0.0653367717391305, 0.040084, 0.116692],
        "sirius::Band::diag_pseudo_potential_davidson": [12.004861, 0.0652438097826087, 0.039999, 0.116604],
        "sirius::Band::diag_pseudo_potential_davidson|alloc": [0.00865900000000001, 4.70597826086957e-05, 3.5e-05, 0.000103],
        "sirius::Band::diag_pseudo_potential_davidson|evp": [0.590492, 0.000574408560311284, 0.000218, 0.001677],
        "sirius::Band::diag_pseudo_potential_davidson|iter": [11.865812, 0.0644881086956522, 0.039268, 0.115735],
        "sirius::Band::diag_pseudo_potential_davidson|update_phi": [0.131213, 0.000356557065217391, 0.000219, 0.0007],
        "sirius::Band::diag_pseudo_potential_davidson|wf": [0.002956, 1.60652173913043e-05, 1.3e-05, 5.6e-05],
        "sirius::Band::get_h_diag": [0.085189, 0.000462983695652174, 0.000374, 0.000677],
        "sirius::Band::get_o_diag": [0.038334, 0.000208336956521739, 0.00016, 0.000331],
        "sirius::Band::initialize_subspace": [0.240887, 0.240887, 0.240887, 0.240887],
        "sirius::Band::initialize_subspace|kp": [0.200385, 0.025048125, 0.024646, 0.025405],
        "sirius::Band::initialize_subspace|kp|wf": [0.003603, 0.000450375, 0.000394, 0.000577],
        "sirius::Band::residuals": [0.415005999999999, 0.000403702334630349, 0.0, 0.001244],
        "sirius::Band::residuals_aux": [0.186532, 0.000268778097982709, 0.00018, 0.000715],
        "sirius::Band::set_subspace_mtrx": [0.413067, 0.000292540368271955, 0.000127, 0.000806],
        "sirius::Band::solve_for_kset": [12.05265, 0.524028260869565, 0.376724, 0.881664],
        "sirius::Beta_projectors::Beta_projectors": [0.001705, 0.000213125, 0.00015, 0.000285],
        "sirius::Beta_projectors::generate_pw_coefs_t": [0.001669, 0.000208625, 0.000145, 0.00028],
        "sirius::Beta_projectors_base::dismiss": [0.00018, 4.78723404255318e-07, 0.0, 3e-06],
        "sirius::Beta_projectors_base::generate": [0.0364870000000001, 2.97125407166125e-05, 2.3e-05, 6.6e-05],
        "sirius::Beta_projectors_base::inner": [0.160657, 0.000113779745042493, 8e-06, 0.000305],
        "sirius::Beta_projectors_base::prepare": [0.000154, 4.09574468085106e-07, 0.0, 9e-06],
        "sirius::Broyden1::mix": [0.009029, 0.000392565217391304, 1.8e-05, 0.000602],
        "sirius::DFT_ground_state::compute_atomic_mag_mom": [0.769465, 0.033455, 0.03182, 0.037872],
        "sirius::DFT_ground_state::ewald_energy": [0.000441, 0.000441, 0.000441, 0.000441],
        "sirius::DFT_ground_state::scf_loop": [17.788406, 17.788406, 17.788406, 17.788406],
        "sirius::DFT_ground_state::scf_loop|iteration": [17.782501, 0.773152217391304, 0.624665, 1.129854],
        "sirius::DFT_ground_state::symmetrize": [1.736643, 0.0377531086956522, 0.036293, 0.044216],
        "sirius::Density::add_k_point_contribution_dm": [0.079531, 0.000432233695652174, 0.000344, 0.0007],
        "sirius::Density::add_k_point_contribution_rg": [1.077829, 0.00585776630434782, 0.004868, 0.010875],
        "sirius::Density::augment": [0.508759, 0.0221199565217391, 0.020082, 0.025628],
        "sirius::Density::generate": [1.757778, 0.0764251304347826, 0.070138, 0.085114],
        "sirius::Density::generate_pseudo_core_charge_density": [0.019266, 0.019266, 0.019266, 0.019266],
        "sirius::Density::generate_rho_aug": [0.501619, 0.0218095217391304, 0.019793, 0.025363],
        "sirius::Density::generate_rho_aug|gemm": [0.340554, 0.00740334782608696, 0.002312, 0.014639],
        "sirius::Density::generate_rho_aug|phase_fac": [0.002364, 0.000102782608695652, 7.6e-05, 0.000158],
        "sirius::Density::generate_rho_aug|sum": [0.104058, 0.00226213043478261, 0.001776, 0.003244],
        "sirius::Density::generate_valence": [1.757688, 0.0764212173913043, 0.070134, 0.085111],
        "sirius::Density::initial_density": [0.051207, 0.051207, 0.051207, 0.051207],
        "sirius::Density::symmetrize_density_matrix": [0.072233, 0.0031405652173913, 0.003032, 0.003627],
        "sirius::K_point::K_point": [5e-06, 6.25e-07, 0.0, 2e-06],
        "sirius::K_point::generate_gkvec": [0.001977, 0.000247125, 0.000194, 0.000347],
        "sirius::K_point::initialize": [0.004748, 0.0005935, 0.000496, 0.000679],
        "sirius::K_point_set::K_point_set": [0.01113, 0.01113, 0.01113, 0.01113],
        "sirius::K_point_set::add_kpoint": [2.5e-05, 3.125e-06, 1e-06, 8e-06],
        "sirius::K_point_set::find_band_occupancies": [0.030082, 0.00130791304347826, 1.6e-05, 0.00178],
        "sirius::K_point_set::sync_band_energies": [0.000119, 5.17391304347826e-06, 5e-06, 7e-06],
        "sirius::Local_operator::apply_h": [9.405828, 0.00900941379310345, 0.000542, 0.023635],
        "sirius::Local_operator::prepare": [0.030834, 0.00014275, 9e-06, 0.001509],