{
    "build_date": "Tue, 15 Aug 2017 21:42:48",
    "comm_world_size": 1,
    "git_hash": "3c4e5b986c632b055a26fedb91acabdce5f6cbc6",
    "ground_state": {
        "aw_cutoff": 7.0,
        "band_gap": 0.0,
        "chemical_formula": "Ni",
        "core_leakage": 0.0,
        "efermi": 0.667449637449356,
        "energy": {
            "bxc": -0.0373163814273428,
            "core_eval_sum": 0.0,
            "enuc": 0.0,
            "eval_sum": -10.7439783084931,
            "ewald": -111.75579555951,
            "exc": -17.7809018693529,
            "kin": 48.8502832729893,
            "total": -171.580094982395,
            "veff": -59.5569452000551,
            "vha": 107.089079132315,
            "vxc": -22.2451203211194
        },
        "fft_coarse_grid": [18,18,18],
        "fft_grid": [40,40,40],
        "mpi_grid": [1,1],
        "num_atoms": 1,
        "num_bands": 38,
        "num_fv_states": 19,
        "omega": 73.3928435946975,
        "pw_cutoff": 25.0
    },
    "task": 0,
    "threads_per_rank": 8,
    "timers": {
        "sddk::FFT3D::FFT3D": [0.004878,0.002439,0.00241,0.002468],
        "sddk::FFT3D::prepare": [0.022789,8.47174721189591e-05,3.1e-05,0.00022],
        "sddk::FFT3D::prepare|cpu": [0.021752,8.08624535315985e-05,2.9e-05,0.000198],
        "sddk::FFT3D::transform": [25.8135730000012,0.000236124229340857,0.000169,0.004366],
        "sddk::FFT3D::transform_xy": [12.8439250000012,0.000117487102321594,6.5e-05,0.004111],
        "sddk::FFT3D::transform_z": [12.3448340000012,0.000112921772378855,5.8e-05,0.004138],
        "sddk::FFT3D::transform_z_serial": [11.9788320000006,0.000109573846069415,5.4e-05,0.00413],
        "sddk::Gvec::find_gvec_shells": [0.001311,0.0002622,8.9e-05,0.000833],
        "sddk::Gvec::init": [0.003378,0.0006756,0.00017,0.002307],
        "sddk::matrix_storage::matrix_storage": [0.09246,0.000151078431372549,5e-06,0.000706],
        "sddk::matrix_storage::remap_backward": [0.000154,7.54901960784313e-07,0.0,1.4e-05],
        "sddk::matrix_storage::remap_forward": [0.000725000000000004,1.80348258706469e-06,0.0,6e-06],
        "sddk::wave_functions::inner": [0.00196,0.000163333333333333,0.000146,0.000207],
        "sddk::wave_functions::orthogonalize": [0.002542,0.000423666666666667,0.00038,0.000513],
        "sddk::wave_functions::transform": [0.00098,0.000163333333333333,0.00015,0.000183],
        "sddk::wave_functions::transform|init": [4.6e-05,7.66666666666667e-06,7e-06,9e-06],
        "sirius::Atom_type::init": [0.013875,0.013875,0.013875,0.013875],
        "sirius::Augmentation_operator::generate_pw_coeffs": [0.083525,0.083525,0.083525,0.083525],
        "sirius::Band::Band": [1.1e-05,1.1e-05,1.1e-05,1.1e-05],
        "sirius::Band::apply_h_o": [31.001827,0.151969740196078,0.010762,0.22771],
        "sirius::Band::diag_pseudo_potential": [41.75383,0.421755858585859,0.374831,0.571061],
        "sirius::Band::diag_pseudo_potential_exact": [41.7372709999999,0.210794297979798,0.18728,0.299408],
        "sirius::Band::initialize_subspace": [0.083588,0.083588,0.083588,0.083588],
        "sirius::Band::initialize_subspace|kp": [0.082096,0.0273653333333333,0.026223,0.02902],
        "sirius::Band::initialize_subspace|kp|wf": [0.002026,0.000675333333333333,0.00052,0.00076],
        "sirius::Band::set_subspace_mtrx": [0.001003,0.000167166666666667,0.000149,0.000215],
        "sirius::Band::solve_for_kset": [41.79514,1.26651939393939,1.22509,1.397595],
        "sirius::Beta_projectors::Beta_projectors": [0.000804,0.000268,0.000223,0.000345],
        "sirius::Beta_projectors::generate_pw_coefs_t": [0.00077,0.000256666666666667,0.000218,0.000321],
        "sirius::Beta_projectors_base::dismiss": [5.79999999999999e-05,5.68627450980392e-07,0.0,1e-06],
        "sirius::Beta_projectors_base::generate": [0.00987800000000001,3.26006600660066e-05,2.7e-05,6.9e-05],
        "sirius::Beta_projectors_base::inner": [0.427552,0.00106356218905473,6.9e-05,0.002589],
        "sirius::Beta_projectors_base::prepare": [2.6e-05,2.54901960784314e-07,0.0,1e-06],
        "sirius::Broyden1::mix": [0.014318,0.000433878787878788,1.6e-05,0.000662],
        "sirius::DFT_ground_state::compute_atomic_mag_mom": [0.437157,0.0132471818181818,0.012516,0.015554],
        "sirius::DFT_ground_state::ewald_energy": [0.00038,0.00038,0.00038,0.00038],
        "sirius::DFT_ground_state::scf_loop": [46.497121,46.497121,46.497121,46.497121],
        "sirius::DFT_ground_state::scf_loop|iteration": [46.492477,1.40886293939394,1.365764,1.540685],
        "sirius::DFT_ground_state::symmetrize": [0.753303,0.0114136818181818,0.010378,0.016259],
        "sirius::Density::add_k_point_contribution_dm": [0.049222,0.000497191919191919,0.000357,0.000798],
        "sirius::Density::add_k_point_contribution_rg": [0.586601,0.00592526262626263,0.004896,0.008158],
        "sirius::Density::augment": [0.698058,0.0211532727272727,0.019716,0.023877],
        "sirius::Density::generate": [1.45983,0.0442372727272727,0.042076,0.048328],
        "sirius::Density::generate_pseudo_core_charge_density": [0.024279,0.024279,0.024279,0.024279],
        "sirius::Density::generate_rho_aug": [0.688119,0.0208520909090909,0.019439,0.02355],
        "sirius::Density::generate_rho_aug|gemm": [0.461849,0.00699771212121212,0.002343,0.013344],
        "sirius::Density::generate_rho_aug|phase_fac": [0.002754,8.34545454545455e-05,6.1e-05,0.000133],
        "sirius::Density::generate_rho_aug|sum": [0.156108,0.00236527272727273,0.001794,0.003449],
        "sirius::Density::generate_valence": [1.459708,0.0442335757575758,0.042072,0.048323],
        "sirius::Density::initial_density": [0.038055,0.038055,0.038055,0.038055],
        "sirius::Density::symmetrize_density_matrix": [0.100533,0.00304645454545454,0.002898,0.004818],
        "sirius::K_point::K_point": [7e-06,2.33333333333333e-06,1e-06,5e-06],
        "sirius::K_point::generate_gkvec": [0.000753,0.000251,0.000202,0.00033],
        "sirius::K_point::initialize": [0.001783,0.000594333333333333,0.000474,0.000772],
        "sirius::K_point_set::K_point_set": [0.012934,0.012934,0.012934,0.012934],
        "sirius::K_point_set::add_kpoint": [2.3e-05,7.66666666666667e-06,3e-06,1.3e-05],
        "sirius::K_point_set::find_band_occupancies": [0.018961,0.000574575757575757,0.00046,0.000794],
        "sirius::K_point_set::sync_band_energies": [0.000187,5.66666666666667e-06,4e-06,7e-06],
        "sirius::Local_operator::apply_h": [29.734051,0.145755151960784,0.010191,0.220312],
        "sirius::Local_operator::prepare": [0.040785,0.000299889705882353,9e-06,0.001456],
        "sirius::Non_local_operator::Non_local_operator": [0.000245,1.20098039215686e-06,0.0,1.8e-05],
        "sirius::Non_local_operator::apply": [0.824163,0.00202000735294118,0.000171,0.002926],
        "sirius::Periodic_function::add": [0.007468,0.000109823529411765,6.1e-05,0.000186],
        "sirius::Periodic_function::inner": [0.122364,0.000157078305519897,8.5e-05,0.003688],
        "sirius::Periodic_function::integrate": [0.007336,0.000111151515151515,8e-05,0.000248],
        "sirius::Potential::Potential": [0.198717,0.198717,0.198717,0.198717],
        "sirius::Potential::generate": [1.877602,0.0552235882352941,0.051827,0.060705],
        "sirius::Potential::generate_D_operator_matrix": [0.190192,0.00559388235294118,0.005094,0.006271],
        "sirius::Potential::generate_PAW_effective_potential": [1.8e-05,5.29411764705882e-07,0.0,1e-06],
        "sirius::Potential::generate_local_potential": [0.197092,0.197092,0.197092,0.197092],
        "sirius::Potential::init": [0.0,0.0,0.0,0.0],
        "sirius::Potential::poisson": [0.040187,0.00118197058823529,0.001017,0.00159],
        "sirius::Potential::xc": [1.569987,0.0461760882352941,0.043204,0.051437],
        "sirius::Potential::xc_it_magnetic": [1.569689,0.0461673235294118,0.043196,0.05143],
        "sirius::Radial_integrals|aug": [0.510555,0.510555,0.510555,0.510555],