{
    "build_date": "Fri,  1 Sep 2017 08:26:01",
    "comm_world_size": 1,
    "git_hash": "51bdd38c89d04764b014e2f34521e75d5faffacc",
    "ground_state": {
        "aw_cutoff": 7.0,
        "band_gap": 0.0,
        "chemical_formula": "Ni",
        "core_leakage": 0.0,
        "efermi": 0.656514336372931,
        "energy": {
            "bxc": -0.0010113435450343,
            "core_eval_sum": 0.0,
            "enuc": 0.0,
            "eval_sum": -10.6647787797356,
            "ewald": -111.75579555951,
            "exc": -17.7736426994193,
            "kin": 48.7983918024394,
            "total": -171.629258245375,
            "veff": -59.46215923863,
            "vha": 107.413497526227,
            "vxc": -22.2717075564041
        },
        "fft_coarse_grid": [18, 18, 18],
        "fft_grid": [40, 40, 40],
        "mpi_grid": [1, 1],
        "num_atoms": 1,
        "num_bands": 38,
        "num_fv_states": 19,
        "omega": 73.3928435946975,
        "pw_cutoff": 25.0
    },
    "task": 0,
    "threads_per_rank": 8,
    "timers": {
        "sddk::FFT3D::FFT3D": [0.003859, 0.0019295, 0.00187, 0.001989],
        "sddk::FFT3D::prepare": [0.026083, 5.67021739130435e-05, 3.1e-05, 0.000224],
        "sddk::FFT3D::prepare|cpu": [0.024563, 5.33978260869565e-05, 2.9e-05, 0.000219],
        "sddk::FFT3D::transform": [9.90194899999986, 0.000243476579212665, 0.000176, 0.004352],
        "sddk::FFT3D::transform_xy": [4.95448199999997, 0.000121824534657847, 6.7e-05, 0.003977],
        "sddk::FFT3D::transform_z": [4.69818499999993, 0.000115522511003465, 6.8e-05, 0.004082],
        "sddk::FFT3D::transform_z_serial": [4.55530999999995, 0.000112009392903685, 6.5e-05, 0.004076],
        "sddk::Gvec::find_gvec_shells": [0.001771, 0.0001771, 7.4e-05, 0.000798],
        "sddk::Gvec::init": [0.004049, 0.0004049, 0.000157, 0.00217],
        "sddk::matrix_storage::matrix_storage": [0.00143899999999997, 1.15304487179485e-06, 0.0, 5.1e-05],
        "sddk::matrix_storage::remap_backward": [0.000802000000000012, 6.56301145662858e-07, 0.0, 1.5e-05],
        "sddk::matrix_storage::remap_forward": [0.002221, 1.36929716399507e-06, 0.0, 1.1e-05],
        "sddk::remap_gvec_to_shells|init": [0.117838, 0.00235676, 0.002144, 0.003123],
        "sddk::remap_gvec_to_shells|remap_backward": [0.010198, 0.00010198, 8.4e-05, 0.000223],
        "sddk::remap_gvec_to_shells|remap_forward": [0.009305, 9.305e-05, 7.6e-05, 0.000231],
        "sddk::wave_functions::inner": [0.500985999999997, 0.000154149538461538, 0.0, 0.0005],
        "sddk::wave_functions::orthogonalize": [0.776322, 0.000635288052373159, 4.7e-05, 0.001692],
        "sddk::wave_functions::transform": [0.678580999999999, 0.000325302492809204, 2.6e-05, 0.001112],
        "sddk::wave_functions::transform|init": [0.010284, 4.93000958772771e-06, 0.0, 7.6e-05],
        "sirius::Atom_type::init": [0.018552, 0.018552, 0.018552, 0.018552],
        "sirius::Augmentation_operator::generate_pw_coeffs": [0.081733, 0.081733, 0.081733, 0.081733],
        "sirius::Band::Band": [9e-06, 9e-06, 9e-06, 9e-06],
        "sirius::Band::apply_h_o": [10.797276, 0.00883574140752864, 0.000638, 0.023759],
        "sirius::Band::diag_pseudo_potential": [13.35888, 0.0667944, 0.033928, 0.130785],
        "sirius::Band::diag_pseudo_potential_davidson": [13.339903, 0.066699515, 0.033833, 0.130711],
        "sirius::Band::diag_pseudo_potential_davidson|alloc": [0.009752, 4.876e-05, 3.5e-05, 8.8e-05],
        "sirius::Band::diag_pseudo_potential_davidson|evp": [0.723045000000002, 0.000599539800995026, 0.000184, 0.001902],
        "sirius::Band::diag_pseudo_potential_davidson|iter": [13.183416, 0.06591708, 0.033105, 0.129968],
        "sirius::Band::diag_pseudo_potential_davidson|update_phi": [0.146634, 0.000364761194029851, 0.000164, 0.001694],
        "sirius::Band::diag_pseudo_potential_davidson|wf": [0.003226, 1.613e-05, 1.3e-05, 6.3e-05],
        "sirius::Band::get_h_diag": [0.095265, 0.000476325, 0.000377, 0.000922],
        "sirius::Band::get_o_diag": [0.04338, 0.0002169, 0.000163, 0.000425],
        "sirius::Band::initialize_subspace": [0.19765, 0.19765, 0.19765, 0.19765],
        "sirius::Band::initialize_subspace|kp": [0.196462, 0.02455775, 0.024144, 0.025002],
        "sirius::Band::initialize_subspace|kp|wf": [0.004224, 0.000528, 0.000448, 0.000626],
        "sirius::Band::residuals": [0.506373999999998, 0.000419878938640131, 0.0, 0.002137],
        "sirius::Band::residuals_aux": [0.234869, 0.000273103488372093, 0.000178, 0.00176],
        "sirius::Band::set_subspace_mtrx": [0.389499, 0.000318738952536825, 0.000116, 0.00074],
        "sirius::Band::solve_for_kset": [13.392381, 0.53569524, 0.298837, 1.004407],
        "sirius::Beta_projectors::Beta_projectors": [0.001778, 0.00022225, 0.000183, 0.000303],
        "sirius::Beta_projectors::generate_pw_coefs_t": [0.001699, 0.000212375, 0.000181, 0.000295],
        "sirius::Beta_projectors_base::dismiss": [0.000183, 4.48529411764705e-07, 0.0, 1.4e-05],
        "sirius::Beta_projectors_base::generate": [0.0422260000000002, 2.96947960618848e-05, 2.4e-05, 5.1e-05],
        "sirius::Beta_projectors_base::inner": [0.174799, 0.000107767570900123, 8e-06, 0.000216],
        "sirius::Beta_projectors_base::prepare": [0.000146, 3.57843137254901e-07, 0.0, 1e-06],
        "sirius::Broyden1::mix": [0.011493, 0.00045972, 5.6e-05, 0.000698],
        "sirius::DFT_ground_state::compute_atomic_mag_mom": [0.353963, 0.01415852, 0.012838, 0.01705],
        "sirius::DFT_ground_state::ewald_energy": [0.000377, 0.000377, 0.000377, 0.000377],
        "sirius::DFT_ground_state::scf_loop": [20.419487, 20.419487, 20.419487, 20.419487],
        "sirius::DFT_ground_state::scf_loop|iteration": [20.412739, 0.81650956, 0.587785, 1.289524],
        "sirius::DFT_ground_state::symmetrize": [3.303664, 0.06607328, 0.062673, 0.0743],
        "sirius::Density::add_k_point_contribution_dm": [0.0839590000000001, 0.000419795, 0.000341, 0.000654],
        "sirius::Density::add_k_point_contribution_rg": [1.134373, 0.005671865, 0.004891, 0.010305],
        "sirius::Density::augment": [0.518397, 0.02073588, 0.018941, 0.023453],
        "sirius::Density::generate": [1.836442, 0.07345768, 0.069696, 0.079073],
        "sirius::Density::generate_pseudo_core_charge_density": [0.018341, 0.018341, 0.018341, 0.018341],
        "sirius::Density::generate_rho_aug": [0.511141, 0.02044564, 0.018672, 0.023179],
        "sirius::Density::generate_rho_aug|gemm": [0.351977, 0.00703954, 0.002324, 0.013671],
        "sirius::Density::generate_rho_aug|phase_fac": [0.001936, 7.744e-05, 5.7e-05, 0.000112],
        "sirius::Density::generate_rho_aug|sum": [0.111487, 0.00222974, 0.001772, 0.003232],
        "sirius::Density::generate_valence": [1.836335, 0.0734534, 0.069692, 0.07907],
        "sirius::Density::initial_density": [0.033519, 0.033519, 0.033519, 0.033519],
        "sirius::Density::symmetrize_density_matrix": [0.079267, 0.00317068, 0.002981, 0.003663],
        "sirius::K_point::K_point": [9e-06, 1.125e-06, 0.0, 5e-06],
        "sirius::K_point::generate_gkvec": [0.001677, 0.000209625, 0.00018, 0.000259],
        "sirius::K_point::initialize": [0.00418, 0.0005225, 0.000448, 0.000608],
        "sirius::K_point_set::K_point_set": [0.010886, 0.010886, 0.010886, 0.010886],
        "sirius::K_point_set::add_kpoint": [2.7e-05, 3.375e-06, 2e-06, 8e-06],
        "sirius::K_point_set::find_band_occupancies": [0.032742, 0.00130968, 2e-05, 0.001609],
        "sirius::K_point_set::sync_band_energies": [0.00013, 5.2e-06, 4e-06, 6e-06],
        "sirius::Local_operator::apply_h": [10.209945, 0.00835511047463175, 0.000511, 0.022939],
        "sirius::Local_operator::prepare": [0.033514, 0.000143222222222222, 8e-06, 0.001478],
        "sirius::Non_local_operator::Non_local_operator": [0.000293000000000001, 7.04326923076924e-07, 0.0, 2e-06],
        "sirius::Non_local_operator::apply": [0.38559, 0.000157770049099837, 3.7e-05, 0.000342],