{
    "build_date": "Fri, 17 Feb 2017 13:29:07",
    "comm_world_size": 1,
    "git_hash": "1b155e6d1aba6e4e81bb6b06e73c0f90b04896a8",
    "ground_state": {
        "aw_cutoff": 3,
        "band_gap": 0.208029027871463,
        "chemical_formula": "H2O",
        "core_leakage": 0.0,
        "efermi": -0.148646453395918,
        "energy": {
            "bxc": 0.0,
            "core_eval_sum": 0.0,
            "enuc": -88.3907228430772,
            "eval_sum": -42.347815169774,
            "ewald": 0.0,
            "exc": -8.52674466457287,
            "kin": 74.6594175424376,
            "total": -75.14664992313,
            "veff": -117.007232712212,
            "vha": -105.777199915835,
            "vxc": -11.2300338402123
        },
        "fft_grid": [
            54,
            54,
            54
        ],
        "mpi_grid": [
            1,
            1
        ],
        "num_atoms": 3,
        "num_bands": 10,
        "num_fv_states": 10,
        "omega": 2744,
        "pw_cutoff": 12
    },
    "task": 0,
    "threads_per_rank": 8,
    "timers": {
        "sddk::BLACS_grid::BLACS_grid": [
            0.000673,
            0.000673,
            0.000673,
            0.000673
        ],
        "sddk::FFT3D::FFT3D": [
            0.005866,
            0.002933,
            0.000914,
            0.004952
        ],
        "sddk::FFT3D::prepare": [
            0.009129,
            7.8698275862069e-05,
            2.9e-05,
            0.000224
        ],
        "sddk::FFT3D::transform": [
            1.540878,
            0.000319684232365146,
            0.00021,
            0.004469
        ],
        "sddk::FFT3D::transform_xy": [
            0.883723999999998,
            0.000183345228215767,
            0.000114,
            0.002806
        ],
        "sddk::FFT3D::transform_z": [
            0.631405000000003,
            0.000130996887966806,
            7.7e-05,
            0.002674
        ],
        "sddk::FFT3D::transform_z_serial": [
            0.618275000000002,
            0.000128272821576764,
            7.5e-05,
            0.002669
        ],
        "sddk::Gvec::init": [
            0.016872,
            0.005624,
            0.000411,
            0.014033
        ],
        "sddk::MPI_grid::MPI_grid": [
            0.001623,
            0.0008115,
            0.000204,
            0.001419
        ],
        "sddk::MPI_grid::initialize": [
            0.001619,
            0.0008095,
            0.000202,
            0.001417
        ],
        "sddk::matrix_storage::matrix_storage": [
            0.305916,
            0.00153726633165829,
            4e-06,
            0.008936
        ],
        "sddk::matrix_storage::remap_backward": [
            7.59999999999999e-05,
            5.84615384615384e-07,
            0.0,
            2e-06
        ],
        "sddk::matrix_storage::remap_forward": [
            0.000222,
            2.43956043956044e-06,
            1e-06,
            1.4e-05
        ],
        "sddk::wave_functions::inner": [
            9.528358,
            0.0447340751173709,
            3e-06,
            0.502626
        ],
        "sddk::wave_functions::orthogonalize": [
            6.605556,
            0.0836146329113924,
            0.000149,
            0.468478
        ],
        "sddk::wave_functions::transform": [
            2.23944,
            0.014263949044586,
            8.6e-05,
            0.061133
        ],
        "sddk::wave_functions::transform|init": [
            0.008044,
            5.12356687898089e-05,
            4e-06,
            0.000416
        ],
        "sirius::Atom::generate_radial_integrals": [
            9.151102,
            0.254197277777778,
            0.209762,
            0.340217
        ],
        "sirius::Atom::generate_radial_integrals|inner": [
            7.974449,
            0.221512472222222,
            0.167661,
            0.310914
        ],
        "sirius::Atom::generate_radial_integrals|interp": [
            0.601457,
            0.0167071388888889,
            0.012766,
            0.027968
        ],
        "sirius::Atom_symmetry_class::find_enu": [
            4.833725,
            0.134270138888889,
            0.104795,
            0.249308
        ],
        "sirius::Atom_symmetry_class::generate_core_charge_density": [
            1e-05,
            2.77777777777778e-07,
            0.0,
            1e-06
        ],
        "sirius::Atom_symmetry_class::generate_radial_functions": [
            5.040565,
            0.140015694444444,
            0.110128,
            0.254894
        ],
        "sirius::Atom_symmetry_class::generate_radial_integrals": [
            0.354642,
            0.00985116666666667,
            0.008006,
            0.016574
        ],
        "sirius::Atom_type::init": [
            0.006606,
            0.003303,
            0.003101,
            0.003505
        ],
        "sirius::Band::Band": [
            0.436004,
            0.436004,
            0.436004,
            0.436004
        ],
        "sirius::Band::apply_fv_h_o": [
            58.11394,
            1.13948901960784,
            0.374096,
            3.581218
        ],
        "sirius::Band::apply_fv_h_o|apw-apw": [
            23.300975,
            0.152293954248366,
            0.003405,
            0.725987
        ],
        "sirius::Band::apply_fv_h_o|apw-lo": [
            15.215703,
            0.0994490392156863,
            0.039926,
            0.370284
        ],
        "sirius::Band::apply_fv_h_o|lo-apw": [
            4.742991,
            0.0309999411764706,
            0.000401,
            0.193585
        ],
        "sirius::Band::apply_fv_o": [
            1.205935,
            0.0430691071428571,
            0.017458,
            0.147647
        ],
        "sirius::Band::apply_fv_o|apw-apw": [
            0.785123,
            0.00934670238095238,
            0.002715,
            0.053209
        ],
        "sirius::Band::diag_fv_full_potential_davidson": [
            79.079937,
            6.58999475,
            4.38842,
            11.240066
        ],
        "sirius::Band::diag_fv_full_potential_davidson|update_phi": [
            0.136036,
            0.00566816666666667,
            0.000262,
            0.014395
        ],
        "sirius::Band::get_singular_components": [
            1.53793,
            0.128160833333333,
            0.07364,
            0.337831
        ],
        "sirius::Band::residuals": [
            1.284197,
            0.0164640641025641,
            0.000961,
            0.040318
        ],
        "sirius::Band::residuals_aux": [
            0.042401,
            0.000543602564102564,
            0.00036,
            0.001146
        ],
        "sirius::Band::set_subspace_mtrx": [
            4.927838,
            0.0623776962025317,
            0.000258,
            0.50292
        ],
        "sirius::Band::solve_for_kset": [
            93.956844,
            7.829737,
            5.611461,
            12.330361
        ],
        "sirius::Band::solve_sv": [
            2e-06,
            1.66666666666667e-07,
            0.0,
            1e-06
        ],
        "sirius::Broyden1::mix": [
            0.466142,
            0.0388451666666667,
            0.001526,
            0.079025
        ],
        "sirius::DFT_ground_state::scf_loop": [
            104.254444,
            104.254444,
            104.254444,
            104.254444
        ],
        "sirius::DFT_ground_state::scf_loop|iteration": [
            104.217192,
            8.684766,
            6.416025,
            13.184392
        ],
        "sirius::DFT_ground_state::symmetrize": [
            1.144323,
            0.047680125,
            0.041857,
            0.100308
        ],
        "sirius::Density::add_k_point_contribution_dm": [
            0.03327,
            0.0027725,
            0.002582,
            0.003086
        ],