{
    "build_date": "Tue, 12 Jun 2018 10:08:41",
    "comm_world_size": 1,
    "counters": {
        "band_evp_work_count": 3172.4646085435206,
        "local_operator_num_applied": 8194
    },
    "git_hash": "f4dee4e74bef982373cafcb2ff96a5e212786953",
    "ground_state": {
        "aw_cutoff": 7.0,
        "band_gap": 0.0,
        "chemical_formula": "Au",
        "converged": true,
        "core_leakage": 0.0,
        "efermi": 0.7363574319714368,
        "energy": {
            "bxc": -0.0016664543887224723,
            "core_eval_sum": 0.0,
            "enuc": 0.0,
            "eval_sum": -8.22756209033033,
            "ewald": -107.33691230550909,
            "exc": -24.980498465984788,
            "kin": 43.778509679590755,
            "total": -147.35331188808618,
            "veff": -52.004405315532324,
            "vha": 50.69064790036153,
            "vxc": -18.531676914500597
        },
        "fft_coarse_grid": [18,18,18],
        "fft_grid": [36,36,36],
        "mpi_grid": [1,1],
        "num_atoms": 1,
        "num_bands": 38,
        "num_fv_states": -1,
        "num_scf_iterations": 12,
        "omega": 114.57850275,
        "pw_cutoff": 20.0
    },
    "task": 0,
    "threads_per_rank": 160,
    "timers": {
        "+global_timer": {
            "avg": 3.658e-06,
            "count": 1,
            "max": 3.658e-06,
            "min": 3.658e-06,
            "total": 3.658e-06
        },
        "sddk::FFT3D::prepare|cpu": {
            "avg": 0.00020978147950819674,
            "count": 244,
            "max": 0.002942719,
            "min": 4.4947e-05,
            "total": 0.051186681000000005
        },
        "sddk::Wave_functions::transform|init": {
            "avg": 4.085125854214122e-05,
            "count": 878,
            "max": 0.000168477,
            "min": 1.0989e-05,
            "total": 0.03586740499999999
        },
        "sirius::Band::diag_pseudo_potential_davidson|alloc": {
            "avg": 0.0006896772115384613,
            "count": 104,
            "max": 0.000870884,
            "min": 0.000660876,
            "total": 0.07172642999999998
        },
        "sirius::Band::diag_pseudo_potential_davidson|evp": {
            "avg": 0.00472946662987013,
            "count": 308,
            "max": 0.012760475,
            "min": 0.002549768,
            "total": 1.456675722
        },
        "sirius::Band::diag_pseudo_potential_davidson|iter": {
            "avg": 0.10632933022115387,
            "count": 104,
            "max": 0.293159508,
            "min": 0.038799653,
            "total": 11.058250343000003
        },
        "sirius::Band::diag_pseudo_potential_davidson|wf": {
            "avg": 1.6529153846153845e-05,
            "count": 104,
            "max": 5.0602e-05,
            "min": 1.5379e-05,
            "total": 0.001719032
        },
        "sirius::Band::initialize_subspace|kp|wf": {
            "avg": 0.004628001624999999,
            "count": 8,
            "max": 0.007212221,
            "min": 0.000576968,
            "total": 0.037024012999999995
        }
    }
}