{
    "comm_world_size": 1,
    "counters": {
        "band_evp_work_count": 1624.4090064149389,
        "local_operator_num_applied": 15571
    },
    "git_hash": "2fef8d388ab621b138d31cc62675903e8da2a227",
    "ground_state": {
        "aw_cutoff": 0.0,
        "band_gap": 0.0,
        "chemical_formula": "Au",
        "converged": true,
        "core_leakage": 0.0,
        "efermi": 0.7363574524655678,
        "energy": {
            "bxc": -0.0016663871858222951,
            "core_eval_sum": 0.0,
            "entropy_sum": -0.0014104710440291826,
            "enuc": 0.0,
            "eval_sum": -8.227567712495576,
            "ewald": -107.33691365734254,
            "exc": -24.980499697208796,
            "kin": 43.778506145086325,
            "scf_correction": 5.806555236631539e-10,
            "total": -147.35305830650776,
            "veff": -52.00440747039608,
            "vha": 50.69064278127297,
            "vloc": -84.16337005994359,
            "vxc": -18.53168019172549
        },
        "etot_history": [
            -147.3266941876933,
            -147.3420758769937,
            -147.3527743745792,
            -147.35293929737384,
            -147.35301696145564,
            -147.35304557525174,
            -147.35305892272225,
            -147.35306097627813,
            -147.3530605484162,
            -147.35305933947564,
            -147.35305802933328,
            -147.35305818670437,
            -147.3530582500234,
            -147.35305826455084,
            -147.353058284485,
            -147.3530583050852,
            -147.35305830689228,
            -147.35305830668855,
            -147.35305830675668,
            -147.35305830658078,
            -147.35305830656586,
            -147.35305830656233,
            -147.35305830655187,
            -147.35305830655753,
            -147.35305830655005,
            -147.35305830655597,
            -147.35305830655642,
            -147.3530583065399,
            -147.35305830652624,
            -147.35305830652476,
            -147.3530583065212,
            -147.35305830652413,
            -147.35305830651055,
            -147.35305830650776
        ],
        "fft_coarse_grid": [
            20,
            20,
            20
        ],
        "fft_grid": [
            40,
            40,
            40
        ],
        "mpi_grid": [
            1,
            1
        ],
        "num_atoms": 1,
        "num_bands": 38,
        "num_fv_states": -1,
        "num_scf_iterations": 33,
        "omega": 114.57850275,
        "pw_cutoff": 20.0,
        "rms_history": [
            0.033748721574478925,
            0.010743586054488575,
            0.003251904894421407,
            0.0002273501585304006,
            5.9897580247193256e-05,
            2.231231521381295e-05,
            8.17482211244537e-06,
            8.589419706514042e-06,
            7.805523501496012e-06,
            5.426182924795116e-06,
            6.08660315495377e-06,
            3.425573794183209e-06,
            1.1511114773413171e-06,
            5.007603801436651e-07,
            2.56450358590696e-07,
            1.4120729035168688e-07,
            6.936831986405055e-09,
            2.1344539999911655e-09,
            6.975284714267535e-10,
            2.657871231817149e-10,
            2.554456280679741e-10,
            2.2001741200995304e-10,
            2.0983173780508396e-10,
            2.650731123641555e-10,
            2.813240855622216e-10,
            2.930690241381684e-10,
            2.964986941472928e-10,
            2.991371018828568e-10,
            2.557497334800442e-10,
            2.50010584720763e-10,
            2.3181925189015627e-10,
            1.4387313162067497e-10,
            1.1756238804499634e-10,
            5.026017715094137e-11
        ],
        "scf_time": 39.296105
    },
    "task": 0,
    "threads_per_rank": 8
}