{
    "comm_world_size": 1,
    "counters": {
        "band_evp_work_count": 11543.314386207932,
        "local_operator_num_applied": 14095
    },
    "git_hash": "732b62eafae5324b2aa2577cb4221223a22d479b",
    "ground_state": {
        "aw_cutoff": 0.0,
        "band_gap": 0.0,
        "chemical_formula": "Au",
        "converged": true,
        "core_leakage": 0.0,
        "efermi": 0.7363574501980703,
        "energy": {
            "bxc": -0.0016663833574052636,
            "core_eval_sum": 0.0,
            "enuc": 0.0,
            "eval_sum": -8.22756752573974,
            "ewald": -107.33691365734148,
            "exc": -24.980499688671326,
            "kin": 43.77850581304675,
            "total": -147.35164783469625,
            "veff": -52.00440695542908,
            "vha": 50.69064324995981,
            "vloc": -84.16336996969419,
            "vxc": -18.531680235695234
        },
        "etot_history": [-145.43607376925266,-148.1473286240981,-147.1789938677697,-147.34391535436373,-147.35388389300886,-147.3516549800285,-147.35164620478187,-147.3516482802377,-147.35164788467526,-147.3516477955301,-147.3516478412747,-147.351647835181,-147.35164783496865,-147.35164783471006,-147.35164783469625],
        "fft_coarse_grid": [20,20,20],
        "fft_grid": [40,40,40],
        "mpi_grid": [1,1],
        "num_atoms": 1,
        "num_bands": 38,
        "num_fv_states": -1,
        "num_scf_iterations": 14,
        "omega": 114.57850275,
        "pw_cutoff": 20.0,
        "rms_history": [0.03375379513289796,0.010712566073236373,0.0035684968992819115,0.00015220790458689998,3.1046490704106255e-05,2.702684516142551e-06,1.4711312708835447e-07,3.114019443567831e-08,1.2962671625840607e-08,7.65155386094747e-10,1.676333526104582e-10,3.4322168897531505e-11,3.95149358959697e-12,5.562840298688096e-13,9.626692399807728e-14],
        "scf_time": 9.298890343
    },
    "task": 0,
    "threads_per_rank": 4
}