{
    "comm_world_size": 1,
    "counters": {
        "band_evp_work_count": 17145.948388203,
        "local_operator_num_applied": 51974
    },
    "git_hash": "54ddfe39205bbd84681f7556c34ab5d81a059674",
    "ground_state": {
        "aw_cutoff": 0.0,
        "band_gap": 0.0,
        "chemical_formula": "Fe",
        "converged": true,
        "core_leakage": 0.0,
        "efermi": 0.6323269612088903,
        "energy": {
            "bxc": -0.14359587105310445,
            "core_eval_sum": 0.0,
            "enuc": 0.0,
            "eval_sum": -8.450514573432288,
            "ewald": -86.00847147516708,
            "exc": -17.46925279987649,
            "kin": 5.853891373511495,
            "total": -165.02633493582283,
            "veff": -14.160810075890678,
            "vha": 67.31386926122916,
            "vloc": -63.66905339225265,
            "vxc": -17.80562594486469
        },
        "etot_history": [-166.0031895499866,-162.8385906030191,-165.83529625088025,-165.00330909655762,-165.0212601537905,-165.38969318791752,-165.02669799660572,-164.6564635107767,-165.57340969097322,-165.42905850357025,-164.93920061716017,-164.20345865359397,-165.39008472045842,-165.12654678660644,-164.29269833947706,-164.95414316094798,-165.15822925477255,-165.1498385361192,-165.1601779527946,-165.11149627975777,-165.01255831345009,-165.01637851451184,-165.0273871948096,-165.02726978300834,-165.02624571580364,-165.0263528778418,-165.02632640814713,-165.02631918841118,-165.02632645611502,-165.02632484728812,-165.0263297786025,-165.02633136770507,-165.02633271591108,-165.02633327377907,-165.02633475185667,-165.0263278544181,-165.02633748794403,-165.02633400213762,-165.02633249259966,-165.02633410973968,-165.02633459007856,-165.02633584089668,-165.02633519009046,-165.02633490452263,-165.02633483408746,-165.02633492302857,-165.02633496123195,-165.0263349110766,-165.02633491552342,-165.0263349270653,-165.02633493105319,-165.02633492949568,-165.02633493585637,-165.02633493593348,-165.02633493653354,-165.02633493515535,-165.02633493205985,-165.02633493416445,-165.0263349362917,-165.02633493417096,-165.0263349347621,-165.02633493221768,-165.026334935185,-165.02633493508168,-165.02633493569584,-165.02633493562763,-165.02633493585978,-165.02633493582283],
        "fft_coarse_grid": [27,27,27],
        "fft_grid": [48,48,48],
        "forces": [
            [-2.8340986325125475e-10,-2.1747617605403076e-10,-2.5095024493081803e-10]
        ],
        "mpi_grid": [1,1],
        "num_atoms": 1,
        "num_bands": 18,
        "num_fv_states": -1,
        "num_scf_iterations": 67,
        "omega": 79.43391564800001,
        "pw_cutoff": 30.0,
        "rms_history": [0.040600046366366625,0.02764085404986623,0.04605439379161783,0.022400695243172647,0.023063625559204166,0.039428013967802246,0.04192629998862165,0.04319107190197617,0.04479801245349903,0.04490802642836832,0.041930357804919195,0.042419707521176624,0.057780245489499275,0.03359284539776907,0.03684481653889995,0.019620738683487755,0.0128408140516685,0.009490897997850616,0.006044136841273302,0.0023255200947947165,0.001166207260834102,0.00042064872627595987,0.00020448164463631837,6.388498266683724e-05,2.17370132441452e-05,5.579465672345103e-06,1.7986052454714705e-06,2.9761197021184413e-06,1.4508062409470377e-05,4.391854147419187e-06,3.5007063016641675e-06,4.377539945802063e-06,3.91920244590952e-06,3.4213914294541826e-06,3.3882968722261183e-06,3.700581121581504e-06,1.3628679700201318e-06,2.0974938020373753e-06,1.6606945329725273e-06,3.5118267779655674e-07,7.783975583175059e-08,2.2037829730965845e-07,3.451649319791512e-08,1.0194249915034952e-07,3.710583954904039e-08,1.4394524613857581e-08,1.703820848326859e-08,1.1658809979195568e-09,9.225279611558839e-10,2.885384110966875e-10,3.044157271339503e-10,3.3581085249632853e-10,1.2383361146010631e-10,4.0141383322237427e-10,7.698103733046109e-10,1.137039572252997e-09,1.2261657083594002e-09,7.50539466317698e-10,6.419420268207551e-10,8.538416937831261e-10,6.86468603669383e-10,6.253916769786904e-10,8.81002361910986e-11,3.7696083723866074e-11,7.94026169055903e-11,1.0905340562241032e-10,3.133487919241417e-11,1.584504000779408e-11],
        "scf_time": 138.203465,
        "stress": [
            [-0.01606783891727159,0.0,-4.5175090520229665e-21],
            [0.0,-0.016067838917271506,-5.6468863150286684e-21],
            [-4.5175090520229665e-21,-5.6468863150286684e-21,-0.016067838917271367]
        ]
    },
    "task": 0,
    "threads_per_rank": 8
}