{
    "comm_world_size": 1,
    "counters": {
        "band_evp_work_count": 3669.3727709190616,
        "local_operator_num_applied": 19874
    },
    "git_hash": "2fef8d388ab621b138d31cc62675903e8da2a227",
    "ground_state": {
        "aw_cutoff": 0.0,
        "band_gap": 0.0,
        "chemical_formula": "Fe",
        "converged": true,
        "core_leakage": 0.0,
        "efermi": 0.6323269016452694,
        "energy": {
            "bxc": -0.14359584323493713,
            "core_eval_sum": 0.0,
            "entropy_sum": -2.644638672901706e-05,
            "enuc": 0.0,
            "eval_sum": -8.450515643083484,
            "ewald": -86.00847147516708,
            "exc": -17.469252499068855,
            "kin": 5.853891111836852,
            "scf_correction": 1.4386714042302629e-10,
            "total": -165.02636116749042,
            "veff": -14.160810911685399,
            "vha": 67.31386745479833,
            "vloc": -63.66905228561275,
            "vxc": -17.805626080870407
        },
        "etot_history": [
            -164.42876192647515,
            -164.72491355625584,
            -164.9195827608968,
            -165.0429826664237,
            -165.03704239611466,
            -165.02589020884756,
            -165.0289074115412,
            -165.02879306981328,
            -165.02995844781128,
            -165.02938316247193,
            -165.02879146819137,
            -165.02975527670415,
            -165.02943528882525,
            -165.02741412473804,
            -165.02630161783287,
            -165.0262686863115,
            -165.02640470490766,
            -165.02625440262446,
            -165.02628992837407,
            -165.0263400105608,
            -165.02636734905346,
            -165.0263604366406,
            -165.026360939242,
            -165.02636097283877,
            -165.02636103891626,
            -165.0263611047163,
            -165.02636114487794,
            -165.02636115690737,
            -165.02636117000395,
            -165.02636117029644,
            -165.0263611701359,
            -165.02636117003368,
            -165.02636116973122,
            -165.0263611697251,
            -165.02636116954923,
            -165.02636116977274,
            -165.0263611699417,
            -165.02636117023823,
            -165.02636117058395,
            -165.0263611700994,
            -165.02636116931032,
            -165.02636116817428,
            -165.02636116757293,
            -165.02636116749042
        ],
        "fft_coarse_grid": [
            27,
            27,
            27
        ],
        "fft_grid": [
            48,
            48,
            48
        ],
        "forces": [
            [
                7.363171132895013e-08,
                3.318675206547595e-08,
                -3.6678480254086465e-08
            ]
        ],
        "mpi_grid": [
            1,
            1
        ],
        "num_atoms": 1,
        "num_bands": 18,
        "num_fv_states": -1,
        "num_scf_iterations": 43,
        "omega": 79.43391564800001,
        "pw_cutoff": 30.0,
        "rms_history": [
            0.06050767028247411,
            0.04874107757572045,
            0.03940345617275541,
            0.007459113221118254,
            0.003732489690089399,
            0.0018439955998516338,
            0.001325399049086984,
            0.0013239926109834222,
            0.0011975633307386884,
            0.0006977826965241653,
            0.0005801757945820177,
            0.0015799456701915064,
            0.0017797137894970839,
            0.0009437935408354029,
            0.00012030052071739491,
            0.00013292753860184124,
            5.364717510280561e-05,
            9.025734929280766e-05,
            5.89967817707527e-05,
            1.9482275424604833e-05,
            6.842966521560144e-06,
            1.629717043018493e-07,
            2.6650523040985623e-08,
            1.9347720240016803e-08,
            1.2646111007836051e-08,
            9.598156422487095e-09,
            3.598368658194045e-09,
            2.8217162461387078e-09,
            1.8461082021499917e-09,
            1.294743248864421e-09,
            3.2402229689107676e-10,
            2.6681104073029373e-09,
            2.8752180892305114e-09,
            2.9487846197764566e-09,
            2.9349315058153283e-09,
            3.0064563897081597e-09,
            2.5443965097373664e-09,
            1.8618709216968862e-09,
            1.2982796502140322e-09,
            5.513969755376095e-10,
            4.689091847308998e-10,
            1.7776384173520834e-10,
            1.3581701312304268e-11,
            2.7459858197850173e-12
        ],
        "scf_time": 38.997758,
        "stress": [
            [
                -0.016067834090272418,
                -3.3711067649509234e-19,
                -1.5394778506239735e-19
            ],
            [
                -3.3711067649509234e-19,
                -0.01606783409027239,
                -7.795548342891716e-19
            ],
            [
                -1.5394778506239735e-19,
                -7.795548342891716e-19,
                -0.016067834090272026
            ]
        ]
    },
    "task": 0,
    "threads_per_rank": 8
}