{
    "comm_world_size": 1,
    "counters": {
        "band_evp_work_count": 0.0,
        "local_operator_num_applied": 0
    },
    "git_hash": "d5e82e79d13611b1a36a4d9e810bca2bc1489c8c",
    "ground_state": {
        "aw_cutoff": 7.0,
        "band_gap": 0.0,
        "chemical_formula": "Fe",
        "converged": true,
        "core_leakage": 1.888694743145666e-10,
        "efermi": 0.3230016923312179,
        "energy": {
            "bxc": -0.09478740136626063,
            "core_eval_sum": -721.5462057525355,
            "enuc": -1527.9749974385795,
            "eval_sum": -734.9520798934416,
            "ewald": 0.0,
            "exc": -53.61541886207897,
            "kin": 1286.066437170289,
            "total": -1270.5428524811355,
            "veff": -2020.9237296623644,
            "vha": -1950.037746701532,
            "vxc": -70.88598296360394
        },
        "etot_history": [-1281.886294878468,-1269.0928218026315,-1259.2596162663199,-1268.8377227065448,-1271.2693820341742,-1270.355286052028,-1270.389575624622,-1270.550237138054,-1270.5682535714081,-1270.5469183045125,-1270.5413426196537,-1270.5429820225459,-1270.5431046952604,-1270.5428881762527,-1270.5428540026255,-1270.542853760404,-1270.5428525004595,-1270.5428525486445,-1270.5428524874465,-1270.5428524809472,-1270.5428524800673,-1270.5428524810477,-1270.5428524808813,-1270.5428524810604,-1270.5428524811355],
        "fft_coarse_grid": [15,15,15],
        "fft_grid": [20,20,20],
        "mpi_grid": [1,1],
        "num_atoms": 1,
        "num_bands": 10,
        "num_fv_states": 10,
        "num_scf_iterations": 24,
        "omega": 79.43391564800001,
        "pw_cutoff": 12.0,
        "rms_history": [0.4406006239377386,0.24027833375248248,0.14476977647758596,0.0274237530228478,0.010099480105107719,0.005153162960514311,0.0020587373840687427,0.0006652670507918654,0.0005181411285565308,0.00011802983524992698,8.550845946755983e-05,2.524829067754643e-05,1.7987017691128902e-05,1.3903473595307038e-06,2.1785685870989355e-07,4.5510743095834225e-08,1.806571504347766e-08,1.0293333541264228e-09,2.984687997730619e-10,1.1038029759034848e-10,2.097883957007819e-11,5.47500288628505e-12,8.451676743565153e-12,3.638520471100251e-12,1.6966356010324442e-12],
        "scf_time": 21.514071
    },
    "task": 0,
    "threads_per_rank": 8
}