{
    "comm_world_size": 1,
    "counters": {
        "band_evp_work_count": 0.0,
        "local_operator_num_applied": 0
    },
    "git_hash": "0ed82be64ac67488a03fcd07b36cbcd95f7560f4",
    "ground_state": {
        "aw_cutoff": 7.0,
        "band_gap": 0.0,
        "chemical_formula": "Fe",
        "converged": true,
        "core_leakage": 1.9074594756649527e-10,
        "efermi": 0.33102409659162785,
        "energy": {
            "bxc": -0.0740383749346478,
            "core_eval_sum": -721.5418404242847,
            "enuc": -1527.9788936793077,
            "eval_sum": -734.9267510622844,
            "ewald": 0.0,
            "exc": -53.61174413924944,
            "kin": 1286.0633122615557,
            "total": -1270.5400982787828,
            "veff": -2020.9160249489055,
            "vha": -1950.0255454435628,
            "vxc": -70.8904795081255
        },
        "etot_history": [-1281.8739168984494,-1269.1060387584985,-1259.1942788620988,-1269.0695958301935,-1271.3523346825687,-1269.9836457017702,-1270.503245122939,-1270.5602704142884,-1270.5525212837429,-1270.5449342094844,-1270.5428348467447,-1270.5398981197804,-1270.5401972281622,-1270.5400545977152,-1270.5400982600834,-1270.5400983030822,-1270.540098289186,-1270.5400982828492,-1270.5400982788415,-1270.5400982787828],
        "fft_coarse_grid": [15,15,15],
        "fft_grid": [20,20,20],
        "mpi_grid": [1,1],
        "num_atoms": 1,
        "num_bands": 10,
        "num_fv_states": 10,
        "num_scf_iterations": 19,
        "omega": 79.43391564800001,
        "pw_cutoff": 12.0,
        "rms_history": [0.44069305252498087,0.24018327740903533,0.14355016579694074,0.026683704441089168,0.009132583017875574,0.011182241305439062,0.0010984785935524842,0.0005163685064155863,0.0004207532010566788,0.00016378009009476434,5.699448852480818e-05,5.638535875745526e-06,1.2600874089135054e-06,9.02399237795674e-07,3.5276896024925038e-09,1.705564289419497e-09,1.7021540845760626e-10,6.996654233107069e-11,1.4663816791733862e-11,2.7852541260671555e-12],
        "scf_time": 22.417236
    },
    "task": 0,
    "threads_per_rank": 8
}