{
    "comm_world_size": 1,
    "counters": {
        "band_evp_work_count": 0.0,
        "local_operator_num_applied": 0
    },
    "git_hash": "c6cd337ad5d3edc8e2cefc21af8f3526dfb34b6f",
    "ground_state": {
        "aw_cutoff": 5.0,
        "band_gap": 0.03141133479708236,
        "chemical_formula": "Ni2O2",
        "converged": true,
        "core_leakage": 9.186487564795054e-09,
        "efermi": 0.25667126879186536,
        "energy": {
            "bxc": -0.0726616611276501,
            "core_eval_sum": -1782.5458770603075,
            "enuc": -3845.7045300473837,
            "eval_sum": -1819.7555410933164,
            "ewald": 0.0,
            "exc": -138.4129322565772,
            "kin": 3233.3380875613034,
            "total": -3185.7867220384105,
            "veff": -5053.020966993492,
            "vha": -4870.014694591506,
            "vxc": -183.00627240196803
        },
        "etot_history": [-3183.9856285492515,-3190.4949974443634,-3182.212451345401,-3184.1942003000277,-3185.4445656073894,-3185.7169929915626,-3185.840859575931,-3185.7758057502097,-3185.7916093577114,-3185.7848004060793,-3185.78791734358,-3185.7867795767916,-3185.7868032393426,-3185.786713929392,-3185.786718252943,-3185.7867175925035,-3185.786723345938,-3185.7867224297333,-3185.786722278985,-3185.7867230273664,-3185.786722030038,-3185.7867219359227,-3185.7867220390026,-3185.7867220384105],
        "fft_coarse_grid": [20,20,20],
        "fft_grid": [64,64,64],
        "mpi_grid": [1,1],
        "num_atoms": 4,
        "num_bands": 60,
        "num_fv_states": 60,
        "num_scf_iterations": 23,
        "omega": 245.9188061410677,
        "pw_cutoff": 20.0,
        "rms_history": [0.7181722797030636,0.5746263764336257,0.03135224781601076,0.011170635246856565,0.0038319909937852624,0.00231503237397604,0.00037326521883504965,0.0001799927096029628,4.099517088632243e-05,1.1110745570612349e-05,1.1174249526862265e-05,1.6913415468193707e-06,1.313836654584997e-06,2.3686372052881721e-07,1.3541070599772906e-07,7.825533357457019e-08,4.226648831128228e-08,2.7635853925315183e-08,1.825811610046451e-08,1.1320426380467738e-08,6.8137115177173035e-09,1.6482858678077965e-09,3.6637578931512976e-10,2.511261225787738e-10],
        "scf_time": 24.639933
    },
    "task": 0,
    "threads_per_rank": 8,
    "timers": null
}