{
    "comm_world_size": 1,
    "counters": {
        "band_evp_work_count": 0.0,
        "local_operator_num_applied": 0
    },
    "git_hash": "732b62eafae5324b2aa2577cb4221223a22d479b",
    "ground_state": {
        "aw_cutoff": 5.0,
        "band_gap": 0.03196461573790896,
        "chemical_formula": "Ni2O2",
        "converged": true,
        "core_leakage": 9.18822870874926e-09,
        "efermi": 0.25643573750971926,
        "energy": {
            "bxc": -0.07277210077261945,
            "core_eval_sum": -1782.5367074027004,
            "enuc": -3845.718557599592,
            "eval_sum": -1819.7577711933125,
            "ewald": 0.0,
            "exc": -138.37233416308487,
            "kin": 3233.3426726292437,
            "total": -3185.7445983410735,
            "veff": -5053.027671721784,
            "vha": -4869.992758415281,
            "vxc": -183.03491330649163
        },
        "etot_history": [-3183.9705573712945,-3190.463761149074,-3182.170112004094,-3184.1412572321733,-3185.408606525965,-3185.675017143797,-3185.7980559862494,-3185.7323554321265,-3185.7492235221703,-3185.7426442785736,-3185.745791663933,-3185.7446010752424,-3185.74465218844,-3185.7446243818763,-3185.7445925282095,-3185.7445972727915,-3185.744598535168,-3185.7445985015916,-3185.7445985667014,-3185.744598233414,-3185.7445983678717,-3185.7445983350704,-3185.7445983410735],
        "fft_coarse_grid": [20,20,20],
        "fft_grid": [64,64,64],
        "mpi_grid": [1,1],
        "num_atoms": 4,
        "num_bands": 60,
        "num_fv_states": 60,
        "num_scf_iterations": 22,
        "omega": 245.91880614106773,
        "pw_cutoff": 20.0,
        "rms_history": [0.7181722797025727,0.574629033797101,0.03138054158108522,0.011173687962603086,0.003823614328321412,0.002326511354036087,0.00036232145320849203,0.0001814903837191053,3.8645843936517505e-05,1.0206718428928387e-05,9.707318676629897e-06,1.5324399343369878e-06,1.1897498627833806e-06,4.0084655949567855e-07,1.989153056800726e-07,1.350419435361647e-07,1.3701907498730294e-08,1.0777900887316814e-08,2.867152729853189e-09,1.2777216329728563e-09,3.9496755429358067e-10,1.7583258671187968e-10,1.20228329084833e-10],
        "scf_time": 18.517893895
    },
    "task": 0,
    "threads_per_rank": 4
}