{
    "comm_world_size": 1,
    "counters": {
        "band_evp_work_count": 0.0,
        "local_operator_num_applied": 0
    },
    "git_hash": "d5e82e79d13611b1a36a4d9e810bca2bc1489c8c",
    "ground_state": {
        "aw_cutoff": 5.0,
        "band_gap": 0.03577925923264311,
        "chemical_formula": "Ni2O2",
        "converged": true,
        "core_leakage": 9.198122396530712e-09,
        "efermi": 0.26100572248561243,
        "energy": {
            "bxc": -0.1071149199736378,
            "core_eval_sum": -1782.5834627368597,
            "enuc": -3845.6668886093194,
            "eval_sum": -1819.8851743783384,
            "ewald": 0.0,
            "exc": -138.3841164305812,
            "kin": 3233.3564149991344,
            "total": -3185.749711346656,
            "veff": -5053.134474457499,
            "vha": -4870.1102426117795,
            "vxc": -183.02423184570657
        },
        "etot_history": [-3183.8577652510685,-3190.591051257376,-3182.0543707911065,-3184.174268919199,-3185.4398201877425,-3185.6164818213288,-3185.820781783541,-3185.7270003771346,-3185.746994501132,-3185.747030180868,-3185.7480448096494,-3185.749710301104,-3185.7497363276643,-3185.7497108090865,-3185.7497120882417,-3185.749713097516,-3185.749711144622,-3185.7497114000703,-3185.7497114176113,-3185.7497113459726,-3185.749711346656],
        "fft_coarse_grid": [20,20,20],
        "fft_grid": [64,64,64],
        "mpi_grid": [1,1],
        "num_atoms": 4,
        "num_bands": 60,
        "num_fv_states": 60,
        "num_scf_iterations": 20,
        "omega": 245.9188061410677,
        "pw_cutoff": 20.0,
        "rms_history": [0.7180301349253322,0.5745250917182015,0.03271319061070977,0.011010674072364356,0.004121743247461205,0.0026278189628915903,0.00047568751769148584,0.0003592930206328202,8.1618058120966e-05,4.206385200816075e-05,1.4589350385765775e-05,1.7667229335065598e-06,1.351793536066081e-06,1.569174407058318e-07,3.3121876397069204e-08,2.3811035837564524e-08,3.451061514622019e-09,1.1151699979408153e-09,6.639840319302881e-10,2.796890091752805e-10,1.1255025616032558e-10],
        "scf_time": 24.431768
    },
    "task": 0,
    "threads_per_rank": 8
}