{
    "comm_world_size": 1,
    "counters": {
        "band_evp_work_count": 0.0,
        "local_operator_num_applied": 0
    },
    "git_hash": "0ed82be64ac67488a03fcd07b36cbcd95f7560f4",
    "ground_state": {
        "aw_cutoff": 5.0,
        "band_gap": 0.031964615738572344,
        "chemical_formula": "Ni2O2",
        "converged": true,
        "core_leakage": 9.189352499979319e-09,
        "efermi": 0.25643573750501725,
        "energy": {
            "bxc": -0.07277210076898226,
            "core_eval_sum": -1782.5367074030457,
            "enuc": -3845.718557599471,
            "eval_sum": -1819.7577711938575,
            "ewald": 0.0,
            "exc": -138.3723341630628,
            "kin": 3233.3426726288644,
            "total": -3185.744598341406,
            "veff": -5053.027671721953,
            "vha": -4869.992758415473,
            "vxc": -183.0349133064656
        },
        "etot_history": [-3183.970557371294,-3190.463761149801,-3182.1701120038424,-3184.141257232262,-3185.4086065257393,-3185.675017143906,-3185.798055986593,-3185.7323554303593,-3185.7492235270815,-3185.7426442734263,-3185.74579166579,-3185.7446010748263,-3185.7446521878346,-3185.7446243827753,-3185.744592526548,-3185.74459727478,-3185.7445985341083,-3185.744598502941,-3185.7445985645677,-3185.744598235613,-3185.744598367337,-3185.7445983341972,-3185.744598341406],
        "fft_coarse_grid": [20,20,20],
        "fft_grid": [64,64,64],
        "mpi_grid": [1,1],
        "num_atoms": 4,
        "num_bands": 60,
        "num_fv_states": 60,
        "num_scf_iterations": 22,
        "omega": 245.9188061410677,
        "pw_cutoff": 20.0,
        "rms_history": [0.718172279702901,0.5746290337973572,0.031380541584059486,0.011173687962923222,0.0038236143291232633,0.0023265113540681553,0.0003623214531631752,0.00018149038348491917,3.8645847460261905e-05,1.0206725586451057e-05,9.707326058209567e-06,1.5324393843697401e-06,1.1897488109883776e-06,4.0084924529259536e-07,1.989200392135249e-07,1.3504147036692123e-07,1.3707373360313631e-08,1.0781302811546448e-08,2.8756253970846877e-09,1.2709255625792037e-09,3.88116073521119e-10,1.7668859496757207e-10,1.1812861108407654e-10],
        "scf_time": 54.128654
    },
    "task": 0,
    "threads_per_rank": 8
}