{
    "build_date": "Tue, 25 Apr 2017 00:32:03",
    "comm_world_size": 1,
    "git_hash": "78ecddbbb39c3f4cdf547540e5827ca7182d00aa",
    "ground_state": {
        "aw_cutoff": 8.0,
        "band_gap": 0.0348821726940516,
        "chemical_formula": "Ni2O2",
        "core_leakage": 9.1881659271163e-09,
        "efermi": 0.279724079008353,
        "energy": {
            "bxc": -0.067032382277031,
            "core_eval_sum": -1781.8710387124,
            "enuc": -3846.71540959342,
            "eval_sum": -1817.5650961178,
            "ewald": 0.0,
            "exc": -138.380609168305,
            "kin": 3232.12899137871,
            "total": -3186.27948221232,
            "veff": -5049.62705511423,
            "vha": -4866.6249096586,
            "vxc": -183.002183404415
        },
        "fft_grid": [64,64,64],
        "mpi_grid": [1,1],
        "num_atoms": 4,
        "num_bands": 120,
        "num_fv_states": 60,
        "omega": 245.918806141068,
        "pw_cutoff": 20.0
    },
    "task": 0,
    "threads_per_rank": 8,
    "timers": {
        "sddk::BLACS_grid::BLACS_grid": [0.000938,0.000938,0.000938,0.000938],
        "sddk::FFT3D::FFT3D": [0.010466,0.005233,0.002043,0.008423],
        "sddk::FFT3D::prepare": [0.039203,9.53844282238442e-05,3.1e-05,0.001135],
        "sddk::FFT3D::transform": [8.83050299999987,0.000305015474422295,0.000208,0.008158],
        "sddk::FFT3D::transform_xy": [5.37286799999997,0.00018558488480536,0.000115,0.007747],
        "sddk::FFT3D::transform_z": [3.32511399999994,0.000114853165693756,6.9e-05,0.00422],
        "sddk::FFT3D::transform_z_serial": [3.25415599999994,0.000112402196815307,6.7e-05,0.004214],
        "sddk::Gvec::find_gvec_shells": [0.003881,0.000646833333333333,3.5e-05,0.003452],
        "sddk::Gvec::init": [0.008408,0.00140133333333333,0.000124,0.007167],
        "sddk::MPI_grid::MPI_grid": [0.001928,0.000964,0.000212,0.001716],
        "sddk::MPI_grid::initialize": [0.001923,0.0009615,0.000211,0.001712],
        "sddk::matrix_storage::matrix_storage": [0.033247,4.83241279069767e-05,3e-06,0.000329],
        "sddk::matrix_storage::remap_backward": [0.000158,9.63414634146339e-07,0.0,5e-06],
        "sddk::matrix_storage::remap_forward": [0.000998000000000006,2.02845528455286e-06,0.0,1.8e-05],
        "sddk::matrix_storage::remap_from": [0.0479400000000001,0.000146158536585366,2e-05,0.002525],
        "sddk::wave_functions::inner": [1.769174,0.00539382317073171,0.004511,0.027336],
        "sddk::wave_functions::transform": [1.767023,0.00538726524390244,0.004256,0.026356],
        "sddk::wave_functions::transform|init": [0.033103,0.000100923780487805,7.5e-05,0.000739],
        "sirius::Atom::generate_radial_integrals": [18.252544,0.111296,0.081795,0.204103],
        "sirius::Atom::generate_radial_integrals|inner": [14.066818,0.0857732804878049,0.063674,0.180248],
        "sirius::Atom::generate_radial_integrals|interp": [2.063676,0.0125833902439024,0.008886,0.020712],
        "sirius::Atom_symmetry_class::find_enu": [2.749058,0.0335250975609756,0.020576,0.062912],
        "sirius::Atom_symmetry_class::generate_core_charge_density": [0.789692,0.00963039024390244,0.005337,0.014596],
        "sirius::Atom_symmetry_class::generate_radial_functions": [3.011016,0.0367197073170732,0.023647,0.066669],
        "sirius::Atom_symmetry_class::generate_radial_integrals": [0.196534,0.00239675609756098,0.001536,0.004872],
        "sirius::Atom_type::init": [0.007737,0.0038685,0.002751,0.004986],
        "sirius::Band::Band": [0.318559,0.318559,0.318559,0.318559],
        "sirius::Band::apply_magnetic_field": [7.608729,0.0463946890243902,0.04174,0.079898],
        "sirius::Band::diag_fv_full_potential_exact": [62.690486,0.38225906097561,0.303409,0.594619],
        "sirius::Band::diag_fv_full_potential|genevp": [20.697981,0.126207201219512,0.100501,0.209902],
        "sirius::Band::set_fv_h_o": [41.832728,0.255077609756097,0.193424,0.456929],
        "sirius::Band::set_fv_h_o_it": [0.110613,0.000674469512195122,0.000496,0.001142],
        "sirius::Band::set_fv_h_o_lo_lo": [0.013702,8.35487804878048e-05,3.5e-05,0.000177],
        "sirius::Band::set_fv_h_o|zgemm": [38.932152,0.237391170731707,0.177831,0.431901],
        "sirius::Band::solve_for_kset": [100.090881,2.441241,2.230556,2.679413],
        "sirius::Band::solve_sv": [10.227977,0.0623657134146341,0.055633,0.127986],
        "sirius::Band::solve_sv|stdevp": [0.806969,0.00246027134146342,0.001849,0.022004],
        "sirius::Broyden2::mix": [4.874341,0.118886365853658,0.015566,0.165067],
        "sirius::DFT_ground_state::scf_loop": [203.47509,203.47509,203.47509,203.47509],
        "sirius::DFT_ground_state::scf_loop|iteration": [203.404596,4.96108770731707,4.49793,5.702957],
        "sirius::DFT_ground_state::symmetrize": [67.122675,0.818569207317073,0.737422,1.027481],
        "sirius::Density::add_k_point_contribution_dm": [1.486712,0.00906531707317073,0.007332,0.018192],
        "sirius::Density::add_k_point_contribution_rg": [2.980488,0.0181737073170732,0.015286,0.039792],
        "sirius::Density::generate": [11.120986,0.27124356097561,0.237093,0.391241],
        "sirius::Density::generate_core_charge_density": [0.790172,0.019272487804878,0.017279,0.022448],
        "sirius::Density::generate_valence": [10.327692,0.251894926829268,0.219321,0.370959],
        "sirius::Density::generate_valence_mt": [5.72957,0.139745609756098,0.119138,0.260017],
        "sirius::Density::generate|expand_lm": [5.671131,0.0345800670731707,0.023994,0.116801],
        "sirius::Density::generate|sum_zdens": [0.055866,0.000340646341463415,0.000256,0.000667],
        "sirius::Density::initial_density": [0.139712,0.139712,0.139712,0.139712],
        "sirius::Density::initial_density|rholm": [0.003053,0.003053,0.003053,0.003053],
        "sirius::Density::initial_density|znulm": [0.019507,0.019507,0.019507,0.019507],
        "sirius::K_point::K_point": [2e-06,5e-07,0.0,2e-06],
        "sirius::K_point::generate_fv_states": [3.155894,0.019243256097561,0.01572,0.046881],
        "sirius::K_point::generate_gkvec": [0.000606,0.0001515,0.000141,0.00016],
        "sirius::K_point::generate_spinor_wave_functions": [1.768302,0.0107823292682927,0.008593,0.044001],
        "sirius::K_point::initialize": [0.029444,0.007361,0.006963,0.008004],
        "sirius::K_point_set::K_point_set": [0.018631,0.018631,0.018631,0.018631],
        "sirius::K_point_set::add_kpoint": [2.2e-05,5.5e-06,1e-06,1.7e-05],
        "sirius::K_point_set::find_band_occupancies": [0.102332,0.00249590243902439,0.001751,0.004895],
        "sirius::K_point_set::sync_band_energies": [0.000418,1.01951219512195e-05,8e-06,1.7e-05],
        "sirius::Local_operator::apply_b": [5.902508,0.0359909024390244,0.031567,0.065469],
        "sirius::Local_operator::prepare": [0.253108,0.00617336585365854,0.0054,0.007501],
        "sirius::Periodic_function::add": [0.062864,0.000748380952380952,0.000615,0.003984],
        "sirius::Periodic_function::fft_transform|comm": [0.000364,4.33333333333333e-06,2e-06,2.3e-05],
        "sirius::Periodic_function::inner": [0.51402,0.00102394422310757,0.000815,0.003429],
        "sirius::Periodic_function::integrate": [0.065365,0.000531422764227643,0.000438,0.000988],
        "sirius::Periodic_function::pack": [0.547603,0.00651908333333333,0.005968,0.008674],
        "sirius::Periodic_function::sync_mt": [0.000460000000000001,2.7710843373494e-06,0.0,1.4e-05],
        "sirius::Periodic_function::unpack": [0.18535,0.00226036585365854,0.001946,0.004424],
        "sirius::Potential::Potential": [0.078117,0.078117,0.078117,0.078117],
        "sirius::Potential::generate": [18.847238,0.448743761904762,0.399273,0.933652],
        "sirius::Potential::generate_pw_coefs": [0.177978,0.00434092682926829,0.003221,0.011174],
        "sirius::Potential::init": [0.002602,0.002602,0.002602,0.002602],
        "sirius::Potential::poisson": [5.111637,0.121705642857143,0.104128,0.227893],