{
    "build_date": "Tue, 25 Jul 2017 17:22:21",
    "comm_world_size": 1,
    "git_hash": "dfb27823de4acda3a5a316942b4e17a9ef004ef5",
    "ground_state": {
        "aw_cutoff": 7.0,
        "band_gap": 0.340966724990301,
        "chemical_formula": "LiF",
        "core_leakage": 0.0,
        "efermi": 0.225,
        "energy": {
            "bxc": 0.0,
            "core_eval_sum": 0.0,
            "enuc": 0.0,
            "eval_sum": -4.41604506155099,
            "ewald": -20.4843022271532,
            "exc": -6.99132061508615,
            "kin": 16.899907199368,
            "total": -36.6713442670692,
            "veff": -21.315952260919,
            "vha": 17.5079887852945,
            "vxc": -8.45679456330581
        },
        "fft_coarse_grid": [24,24,24],
        "fft_grid": [36,36,36],
        "mpi_grid": [1,1],
        "num_atoms": 2,
        "num_bands": 15,
        "num_fv_states": 15,
        "omega": 110.09266138705,
        "pw_cutoff": 20.0
    },
    "task": 0,
    "threads_per_rank": 8,
    "timers": {
        "sddk::FFT3D::FFT3D": [0.005517,0.0027585,0.002545,0.002972],
        "sddk::FFT3D::prepare": [0.009779,5.68546511627907e-05,3.1e-05,0.000149],
        "sddk::FFT3D::prepare|cpu": [0.009278,5.39418604651163e-05,2.9e-05,0.000143],
        "sddk::FFT3D::transform": [1.667125,0.000288679653679653,0.000196,0.004561],
        "sddk::FFT3D::transform_xy": [0.902944999999996,0.000156354112554112,0.000107,0.004295],
        "sddk::FFT3D::transform_z": [0.725391000000008,0.000125608831168832,7.7e-05,0.000462],
        "sddk::FFT3D::transform_z_serial": [0.703038000000008,0.000121738181818183,7.5e-05,0.000457],
        "sddk::Gvec::find_gvec_shells": [0.001853,0.0001853,7.8e-05,0.000668],
        "sddk::Gvec::init": [0.004376,0.0004376,0.000197,0.001901],
        "sddk::matrix_storage::matrix_storage": [0.000748000000000007,1.58474576271188e-06,0.0,6e-05],
        "sddk::matrix_storage::remap_backward": [0.000163,6.39215686274509e-07,0.0,1.1e-05],
        "sddk::matrix_storage::remap_forward": [0.000473000000000002,1.44648318042814e-06,1e-06,1e-05],
        "sddk::wave_functions::inner": [0.0886170000000001,0.000129367883211679,1e-06,0.000447],
        "sddk::wave_functions::orthogonalize": [0.139549,0.000547250980392157,5.6e-05,0.001691],
        "sddk::wave_functions::transform": [0.13427,0.000295748898678414,3e-05,0.001104],
        "sddk::wave_functions::transform|init": [0.002486,5.47577092511012e-06,0.0,0.00015],
        "sirius::Atom_type::init": [0.034977,0.0174885,0.017481,0.017496],
        "sirius::Augmentation_operator::generate_pw_coeffs": [0.013812,0.006906,0.006605,0.007207],
        "sirius::Band::Band": [1.2e-05,1.2e-05,1.2e-05,1.2e-05],
        "sirius::Band::apply_h_o": [1.966078,0.00771010980392156,0.000766,0.017216],
        "sirius::Band::diag_pseudo_potential": [2.382904,0.0330958888888889,0.011202,0.088524],
        "sirius::Band::diag_pseudo_potential_davidson": [2.376109,0.0330015138888889,0.011124,0.088407],
        "sirius::Band::diag_pseudo_potential_davidson|alloc": [0.002275,3.15972222222222e-05,1.9e-05,5.8e-05],
        "sirius::Band::diag_pseudo_potential_davidson|evp": [0.092325,0.000373785425101215,0.00013,0.001167],
        "sirius::Band::diag_pseudo_potential_davidson|iter": [2.336551,0.0324520972222222,0.010627,0.087729],
        "sirius::Band::diag_pseudo_potential_davidson|update_phi": [0.032929,0.000416822784810127,0.000143,0.001691],
        "sirius::Band::diag_pseudo_potential_davidson|wf": [0.001218,1.69166666666667e-05,1.3e-05,5.6e-05],
        "sirius::Band::get_h_diag": [0.018078,0.000251083333333333,0.000189,0.000469],
        "sirius::Band::get_o_diag": [0.016374,0.000227416666666667,0.000154,0.000432],
        "sirius::Band::initialize_subspace": [0.100326,0.100326,0.100326,0.100326],
        "sirius::Band::initialize_subspace|kp": [0.098921,0.012365125,0.011121,0.014223],
        "sirius::Band::initialize_subspace|kp|wf": [0.004956,0.0006195,0.00052,0.000825],
        "sirius::Band::residuals": [0.108516,0.000439336032388664,0.0,0.001127],
        "sirius::Band::residuals_aux": [0.0563690000000001,0.000304697297297298,0.000198,0.00056],
        "sirius::Band::set_subspace_mtrx": [0.0808009999999999,0.000316866666666666,0.000119,0.004538],
        "sirius::Band::solve_for_kset": [2.388339,0.265371,0.093873,0.536036],
        "sirius::Beta_projectors::Beta_projectors": [0.001626,0.00020325,0.000185,0.000253],
        "sirius::Beta_projectors::generate_pw_coefs_t": [0.00158,0.0001975,0.00018,0.000247],
        "sirius::Beta_projectors_base::dismiss": [6.69999999999999e-05,4.4078947368421e-07,0.0,1.4e-05],
        "sirius::Beta_projectors_base::generate": [0.015832,4.84159021406727e-05,9e-06,7.7e-05],
        "sirius::Beta_projectors_base::inner": [0.032187,9.84311926605504e-05,1.1e-05,0.000242],
        "sirius::Beta_projectors_base::prepare": [5.59999999999999e-05,3.68421052631579e-07,0.0,1e-06],
        "sirius::Broyden1::mix": [0.000977,0.000108555555555556,1.2e-05,0.000271],
        "sirius::DFT_ground_state::ewald_energy": [0.000379,0.000379,0.000379,0.000379],
        "sirius::DFT_ground_state::scf_loop": [2.907874,2.907874,2.907874,2.907874],
        "sirius::DFT_ground_state::scf_loop|iteration": [2.904695,0.322743888888889,0.144821,0.611894],
        "sirius::DFT_ground_state::symmetrize": [0.115298,0.00640544444444445,0.005097,0.009233],
        "sirius::Density::add_k_point_contribution_dm": [0.015811,0.000219597222222222,0.000178,0.000345],
        "sirius::Density::add_k_point_contribution_rg": [0.1327,0.00184305555555556,0.001506,0.005285],
        "sirius::Density::augment": [0.023467,0.00260744444444445,0.002199,0.004647],
        "sirius::Density::generate": [0.180664,0.0200737777777778,0.017606,0.030299],
        "sirius::Density::generate_pseudo_core_charge_density": [0.039569,0.039569,0.039569,0.039569],
        "sirius::Density::generate_rho_aug": [0.022837,0.00253744444444444,0.002147,0.004548],
        "sirius::Density::generate_rho_aug|gemm": [0.011516,0.000639777777777778,0.000471,0.002184],
        "sirius::Density::generate_rho_aug|phase_fac": [0.001407,7.81666666666667e-05,5.4e-05,0.000133],
        "sirius::Density::generate_rho_aug|sum": [0.008651,0.000480611111111111,0.000307,0.000639],
        "sirius::Density::generate_valence": [0.180622,0.0200691111111111,0.017602,0.030289],
        "sirius::Density::initial_density": [0.038044,0.038044,0.038044,0.038044],
        "sirius::Density::symmetrize_density_matrix": [0.003757,0.000417444444444444,0.000398,0.000563],
        "sirius::K_point::K_point": [4e-06,5e-07,0.0,2e-06],
        "sirius::K_point::generate_gkvec": [0.002064,0.000258,0.000221,0.000321],
        "sirius::K_point::initialize": [0.004176,0.000522,0.000451,0.000636],
        "sirius::K_point_set::K_point_set": [0.023436,0.023436,0.023436,0.023436],
        "sirius::K_point_set::add_kpoint": [3.7e-05,4.625e-06,2e-06,1.9e-05],
        "sirius::K_point_set::find_band_occupancies": [0.000162,1.8e-05,1.2e-05,1.9e-05],
        "sirius::K_point_set::sync_band_energies": [4.3e-05,4.77777777777778e-06,4e-06,6e-06],
        "sirius::Local_operator::apply_h": [1.838268,0.00720889411764707,0.00059,0.016236],
        "sirius::Local_operator::prepare": [0.00729400000000001,8.10444444444445e-05,1.3e-05,0.000981],
        "sirius::Non_local_operator::Non_local_operator": [0.000118,7.37499999999999e-07,0.0,2e-06],
        "sirius::Non_local_operator::apply": [0.081404,0.00015961568627451,4e-05,0.002628],
        "sirius::Periodic_function::add": [0.004193,8.386e-05,5.2e-05,0.000136],
        "sirius::Periodic_function::inner": [0.016737,0.000154972222222222,8e-05,0.000289],
        "sirius::Periodic_function::integrate": [0.001098,0.000122,9.3e-05,0.000172],
        "sirius::Potential::Potential": [0.395926,0.395926,0.395926,0.395926],
        "sirius::Potential::generate": [0.196684,0.0196684,0.017268,0.022926],