{
    "comm_world_size": 1,
    "counters": {
        "band_evp_work_count": 594.9695312499999,
        "local_operator_num_applied": 5943
    },
    "git_hash": "2fef8d388ab621b138d31cc62675903e8da2a227",
    "ground_state": {
        "aw_cutoff": 0.0,
        "band_gap": 0.0,
        "chemical_formula": "SrVO3",
        "converged": true,
        "core_leakage": 0.0,
        "efermi": 0.4253405405751863,
        "energy": {
            "bxc": 0.0,
            "core_eval_sum": 0.0,
            "entropy_sum": -0.010271441295296013,
            "enuc": 0.0,
            "eval_sum": -8.122179563999648,
            "ewald": -114.22303471256379,
            "exc": -30.179102131324917,
            "kin": 62.85257239341722,
            "scf_correction": 1.306270860368386e-07,
            "total": -156.79038532272097,
            "veff": -70.97475195741687,
            "vha": 71.65663205140406,
            "vloc": -111.05886558727575,
            "vxc": -31.57251842153763
        },
        "etot_history": [
            -156.06828060047926,
            -153.80332581781624,
            -156.61440606040406,
            -156.7969163273102,
            -156.78482901041446,
            -156.7902615207745,
            -156.7903733912162,
            -156.79038484275918,
            -156.7903851343225,
            -156.79038527580371,
            -156.79038530681942,
            -156.79038531681033,
            -156.79038532044493,
            -156.79038532187937,
            -156.7903853224143,
            -156.7903853226134,
            -156.79038532269493,
            -156.79038532272097
        ],
        "fft_coarse_grid": [
            30,
            30,
            30
        ],
        "fft_grid": [
            50,
            50,
            50
        ],
        "forces": [
            [
                6.722561621763847e-16,
                7.917822170879939e-16,
                6.838494222698555e-16
            ],
            [
                -1.1240471582409415e-15,
                -1.2810594422358683e-15,
                -2.9462120316610474e-15
            ],
            [
                3.627678919747892e-15,
                -3.486767270911034e-16,
                -4.0215324829586386e-16
            ],
            [
                -2.790851187805206e-16,
                3.795557299036809e-15,
                -4.972593598267768e-16
            ],
            [
                -4.274614668799908e-16,
                -3.8881393340304136e-16,
                4.108425385094098e-15
            ]
        ],
        "mpi_grid": [
            1,
            1
        ],
        "num_atoms": 5,
        "num_bands": 40,
        "num_fv_states": 40,
        "num_scf_iterations": 17,
        "omega": 382.708923702537,
        "pw_cutoff": 20.0,
        "rms_history": [
            0.03575990457221722,
            0.16347798533315142,
            0.03367088554049285,
            0.007660019414642282,
            0.005705499004484564,
            0.000937201842596676,
            0.00030279589258461263,
            3.470887182164052e-05,
            1.5183767617035511e-05,
            7.165415260296469e-06,
            1.5543269086499107e-06,
            2.6963659062120045e-07,
            1.769603413047498e-07,
            6.273300706056781e-08,
            3.715963024666128e-08,
            1.3656240965085192e-08,
            1.2585582199170942e-08,
            3.5244347257515464e-09
        ],
        "scf_time": 13.062789,
        "stress": [
            [
                -3.6622773111869705e-05,
                7.021619588911798e-36,
                8.077934393033029e-28
            ],
            [
                7.021619588911798e-36,
                -3.6622773111895726e-05,
                1.0770581411715862e-27
            ],
            [
                8.077934393033029e-28,
                1.0770581411715862e-27,
                -3.662277311191307e-05
            ]
        ]
    },
    "task": 0,
    "threads_per_rank": 8
}