{
    "comm_world_size": 1,
    "counters": {
        "band_evp_work_count": 542.5027343749998,
        "local_operator_num_applied": 5589
    },
    "git_hash": "2fef8d388ab621b138d31cc62675903e8da2a227",
    "ground_state": {
        "aw_cutoff": 0.0,
        "band_gap": 0.0,
        "chemical_formula": "SrVO3",
        "converged": true,
        "core_leakage": 0.0,
        "efermi": 0.4139775050319336,
        "energy": {
            "bxc": 0.0,
            "core_eval_sum": 0.0,
            "entropy_sum": -0.010399338339579086,
            "enuc": 0.0,
            "eval_sum": -8.422759000989842,
            "ewald": -114.22303471256379,
            "exc": -29.649816272156293,
            "kin": 62.30706413415277,
            "scf_correction": -1.5396125263578142e-07,
            "total": -156.38712890232765,
            "veff": -70.72982313514261,
            "vha": 70.66193081734615,
            "vloc": -110.14190796813772,
            "vxc": -31.249845984356156
        },
        "etot_history": [
            -155.83920719937234,
            -154.23864392754183,
            -156.3736655705297,
            -156.3733029803738,
            -156.38613689709257,
            -156.38695829108838,
            -156.38712450770612,
            -156.38712847922255,
            -156.38712866838603,
            -156.38712885866792,
            -156.38712889694918,
            -156.38712890022492,
            -156.38712890160227,
            -156.38712890204027,
            -156.38712890222772,
            -156.38712890229692,
            -156.38712890232765
        ],
        "fft_coarse_grid": [
            30,
            30,
            30
        ],
        "fft_grid": [
            50,
            50,
            50
        ],
        "forces": [
            [
                6.370221190124202e-16,
                8.577464850907935e-16,
                -2.0218752044515637e-16
            ],
            [
                -1.2600744805296171e-15,
                -9.97185256169441e-16,
                -8.244564489810015e-16
            ],
            [
                3.644034135370477e-15,
                -1.3024236596752155e-16,
                -1.3552430033205862e-16
            ],
            [
                -4.11588669874927e-16,
                3.7633450001064615e-15,
                -3.35107939215431e-16
            ],
            [
                -2.131811568790083e-16,
                -5.35997324503801e-16,
                3.23928083712233e-15
            ]
        ],
        "mpi_grid": [
            1,
            1
        ],
        "num_atoms": 5,
        "num_bands": 40,
        "num_fv_states": 40,
        "num_scf_iterations": 16,
        "omega": 382.708923702537,
        "pw_cutoff": 20.0,
        "rms_history": [
            0.032386192399282226,
            0.13018416074266967,
            0.022567081783685345,
            0.010772549325790554,
            0.001585654637174419,
            0.0011608200415659,
            0.00021508258850542157,
            7.645781587583993e-05,
            2.6896632842349716e-05,
            1.335582157413984e-05,
            1.904913900729622e-06,
            9.439088470956595e-07,
            4.2904148832659e-07,
            7.448453149586693e-08,
            5.106600796511748e-08,
            2.450335409279017e-08,
            8.866732727205469e-09
        ],
        "scf_time": 11.114088,
        "stress": [
            [
                0.00035104277956930253,
                2.595491526615611e-35,
                -2.0868001204177948e-27
            ],
            [
                2.595491526615611e-35,
                0.0003510427795692748,
                6.7316134929756095e-28
            ],
            [
                -2.0868001204177948e-27,
                6.7316134929756095e-28,
                0.00035104277956926264
            ]
        ]
    },
    "task": 0,
    "threads_per_rank": 8
}