{
    "comm_world_size": 1,
    "counters": {
        "band_evp_work_count": 0.0,
        "local_operator_num_applied": 8991
    },
    "git_hash": "7ade765f991df20e3754f24d926d391992bdf069",
    "ground_state": {
        "aw_cutoff": 6.0,
        "band_gap": 0.0003349340324301231,
        "chemical_formula": "YN",
        "converged": true,
        "core_leakage": 2.7680998518558825e-08,
        "efermi": 0.32231788180166493,
        "energy": {
            "bxc": 0.0,
            "core_eval_sum": -1881.400864530454,
            "enuc": -4157.734408661316,
            "eval_sum": -2020.0738846079528,
            "ewald": 0.0,
            "exc": -112.40756544577967,
            "kin": 3538.6864581217314,
            "total": -3436.3741069015964,
            "veff": -5558.760342729684,
            "vha": -5409.837181832465,
            "vxc": -148.92316086109548
        },
        "etot_history": [-3436.8004191205587,-3436.7797640809545,-3436.785633035014,-3436.8214888989464,-3436.7260111503256,-3436.6456760926712,-3436.586368539285,-3436.540514248394,-3436.5052981420085,-3436.4779901104675,-3436.4567216475107,-3436.44006115764,-3436.4269462160055,-3436.4165716525167,-3436.40832864025,-3436.4017523953007,-3436.3964863670512,-3436.392255525559,-3436.388846266593,-3436.3860918326955,-3436.3838614600877,-3436.382051915729,-3436.3805814410057,-3436.3793848047258,-3436.378409995187,-3436.377615231556,-3436.3769666898993,-3436.3764373214217,-3436.3760050811206,-3436.375652113757,-3436.375363885886,-3436.375128563791,-3436.374936496653,-3436.374779799399,-3436.3746520271857,-3436.3745479114204,-3436.3744631367517,-3436.374394171312,-3436.3743381238146,-3436.3742926243895,-3436.3742557338232,-3436.3742258650263,-3436.3742017171116,-3436.3741822275415,-3436.374166527016,-3436.3741539036846,-3436.374143777112,-3436.3741356743967,-3436.37412920879,-3436.37412406522,-3436.37411998785,-3436.3741167684334,-3436.374114237827,-3436.3741122594315,-3436.3741107216147,-3436.3741095345586,-3436.3741086264668,-3436.374107938926,-3436.374107424536,-3436.3741070461506,-3436.374106774043,-3436.374106584003,-3436.374106456214,-3436.37410637696,-3436.3741063335556,-3436.374106316794,-3436.3741063192033,-3436.374106335002,-3436.3741063607627,-3436.3741063918737,-3436.374106427415,-3436.374106463819,-3436.374106500435,-3436.3741065365994,-3436.3741065712,-3436.3741066042185,-3436.374106635097,-3436.3741066635043,-3436.374106689562,-3436.374106713295,-3436.3741067346164,-3436.3741067548053,-3436.37410677203,-3436.3741067880455,-3436.3741068015793,-3436.3741068141862,-3436.374106825655,-3436.374106835197,-3436.3741068441345,-3436.374106851612,-3436.3741068585505,-3436.374106864142,-3436.3741068693325,-3436.374106873942,-3436.3741068779104,-3436.3741068814566,-3436.374106884515,-3436.37410688708,-3436.3741068894506,-3436.3741068914346,-3436.3741068932895,-3436.374106894867,-3436.3741068960053,-3436.3741068972436,-3436.374106898092,-3436.374106898992,-3436.374106899786,-3436.3741069003827,-3436.3741069008547,-3436.374106901189,-3436.3741069015964],
        "fft_coarse_grid": [15,15,15],
        "fft_grid": [32,32,32],
        "mpi_grid": [1,1],
        "num_atoms": 2,
        "num_bands": 27,
        "num_fv_states": 27,
        "num_scf_iterations": 110,
        "omega": 191.57926866398668,
        "pw_cutoff": 14.0,
        "rms_history": [0.6584552718424979,0.5573524521836243,0.4719135855604655,0.39959276035121166,0.338361318034056,0.286533606557789,0.24266423005121882,0.20552605424745585,0.17408330931832164,0.14746006839110262,0.12491572607054795,0.10582388538588061,0.08965466386914064,0.07595974894631925,0.06435978432728244,0.05453372282097047,0.04620983263256879,0.039158096853415245,0.033183791573686575,0.02812205563898061,0.023833299341450894,0.020199321749268653,0.01712002613824696,0.014510641660157288,0.012299371877730007,0.010425405478447758,0.008837233107127742,0.00749122134022488,0.006350407035560464,0.005383476000870699,0.004563898424644989,0.0038691968672460116,0.0032803264437354673,0.002781149950838956,0.0023579933848424995,0.0019992694946108216,0.0016951589609067866,0.0014373403409579579,0.001218761324929444,0.00103344496997918,0.0008763255498872716,0.0007431094944759435,0.0006301575773011614,0.0005343850946617911,0.00045317729085956763,0.0003843177014494764,0.0003259274248280089,0.0002764136688866216,0.0002344261476914215,0.0001988201264699548,0.0001686251090210052,0.00014301829166064054,0.0001213020732156689,0.00010288498805156724,8.726554407836348e-05,7.401853080121331e-05,6.278340205874299e-05,5.3254441707173186e-05,4.517241331275868e-05,3.8317493825031213e-05,3.2503275181805426e-05,2.75716819312359e-05,2.338866200800831e-05,1.9840534493880345e-05,1.6830892210636738e-05,1.4277973329515131e-05,1.2112437078738659e-05,1.0275476725292433e-05,8.717215078972925e-06,7.3953514721012786e-06,6.274006986694749e-06,5.322752855901147e-06,4.5157773811246765e-06,3.831189996977692e-06,3.2504214842819204e-06,2.7577212300174794e-06,2.339728894603556e-06,1.9851139955384943e-06,1.6842625839820077e-06,1.4290212168835626e-06,1.2124720027814685e-06,1.0287484559147269e-06,8.728722603941171e-07,7.406217861571876e-07,6.284143354533456e-07,5.332121557520553e-07,4.5243626587464357e-07,3.8390121559962394e-07,3.257497264691757e-07,2.764097367020631e-07,2.3454499509019926e-07,1.9902296054180143e-07,1.6888177255175272e-07,1.43306705126141e-07,1.216050319389166e-07,1.0319122770087304e-07,8.756661798419055e-08,7.430764676195497e-08,6.305701978848945e-08,5.351050053972544e-08,4.5409032957226266e-08,3.853524142210621e-08,3.270138231322442e-08,2.775130257242855e-08,2.3550678205637362e-08,1.9985707584957655e-08,1.6961191173372957e-08,1.4393832496778106e-08,1.221561687368732e-08,1.0366790009087504e-08,8.79799652263139e-09],
        "scf_time": 54.818753
    },
    "task": 0,
    "threads_per_rank": 8,
    "timers": null
}