{
    "comm_world_size": 1,
    "counters": {
        "band_evp_work_count": 30640.793023610695,
        "local_operator_num_applied": 29469
    },
    "git_hash": "732b62eafae5324b2aa2577cb4221223a22d479b",
    "ground_state": {
        "aw_cutoff": 0.0,
        "band_gap": 0.028548838942204613,
        "chemical_formula": "Ni2O2",
        "converged": true,
        "core_leakage": 0.0,
        "efermi": 0.5181976291141223,
        "energy": {
            "bxc": -0.044564451496194625,
            "core_eval_sum": 0.0,
            "enuc": 0.0,
            "eval_sum": -24.383885975139076,
            "ewald": -238.919868295943,
            "exc": -42.210598721600974,
            "kin": 116.57129136741888,
            "total": -375.40105408,
            "veff": -140.91061289106176,
            "vha": 246.39045630149377,
            "vloc": -334.00917809448293,
            "vxc": -53.29189109805926
        },
        "etot_history": [-303.7728295984431,-441.64012509044363,-394.1481421119703,-379.52097910617965,-372.18510452474663,-378.7111758853517,-375.413134028954,-375.11385673041224,-375.6423237516183,-375.05152437806,-375.3138173238257,-375.38635867775565,-375.37197398508295,-375.3740957029476,-375.37280273662,-375.3732310345923,-375.37311766631274,-375.3731287131991,-375.37312532749513,-375.3731255327973,-375.3731256176019,-375.3731255889479,-375.37312559972054,-375.3731255938745],
        "fft_coarse_grid": [40,40,40],
        "fft_grid": [64,64,64],
        "forces": [
            [-9.131350812042665e-14,-9.023639747756896e-14,-9.050814732702627e-14],
            [-3.4503007424324395e-17,1.0314770985561628e-15,8.242742385599532e-16],
            [-3.3575165626438322e-15,-3.570720332876192e-15,-3.397805574645355e-15],
            [6.150886577854785e-15,5.94619938385065e-15,6.104021609272827e-15]
        ],
        "mpi_grid": [1,1],
        "num_atoms": 4,
        "num_bands": 34,
        "num_fv_states": -1,
        "num_scf_iterations": 23,
        "omega": 245.91880614106773,
        "pw_cutoff": 20.0,
        "rms_history": [0.2901375645110294,0.47068741068878306,0.17891435732467562,0.039090457594292645,0.03328928900454809,0.05026124790959101,0.007231936856237436,0.006189175442650653,0.0035031873504676988,0.006561554011556035,0.0017709264317858628,0.00045419497802978763,0.0001080010764723356,5.0595841175761884e-05,1.896273967526154e-05,5.6611614570601355e-06,8.55178615686256e-07,5.661955452048993e-08,1.592631395203337e-08,3.2973301542457728e-09,7.606894693664266e-10,1.1969494979326174e-10,1.0808788974073656e-10,1.771224908691891e-11],
        "scf_time": 26.005910277,
        "stress": [
            [0.0010199858485245815,0.00017799965453016447,0.00017799965453016453],
            [0.00017799965453016447,0.0010199858485245815,0.00017799965453016463],
            [0.00017799965453016453,0.00017799965453016463,0.0010199858485246474]
        ]
    },
    "task": 0,
    "threads_per_rank": 4
}
