{
    "build_date": "Tue, 25 Jul 2017 17:22:21",
    "comm_world_size": 1,
    "git_hash": "dfb27823de4acda3a5a316942b4e17a9ef004ef5",
    "ground_state": {
        "aw_cutoff": 7.0,
        "band_gap": 0.0,
        "chemical_formula": "SrVO3",
        "core_leakage": 0.0,
        "efermi": 0.413977436423268,
        "energy": {
            "bxc": 0.0,
            "core_eval_sum": 0.0,
            "enuc": 0.0,
            "eval_sum": -8.42276321952232,
            "ewald": -114.223034717678,
            "exc": -29.6498207809272,
            "kin": 62.3070667927599,
            "total": -156.376733234546,
            "veff": -70.7298300122822,
            "vha": 70.6619373489235,
            "vxc": -31.2498541580429
        },
        "fft_coarse_grid": [30,30,30],
        "fft_grid": [48,48,48],
        "mpi_grid": [1,1],
        "num_atoms": 5,
        "num_bands": 40,
        "num_fv_states": 40,
        "omega": 382.708923702537,
        "pw_cutoff": 20.0
    },
    "task": 0,
    "threads_per_rank": 8,
    "timers": {
        "sddk::FFT3D::FFT3D": [0.005945,0.0029725,0.001904,0.004041],
        "sddk::FFT3D::prepare": [0.012468,9.16764705882353e-05,3.5e-05,0.000164],
        "sddk::FFT3D::prepare|cpu": [0.011773,8.65661764705882e-05,3e-05,0.000161],
        "sddk::FFT3D::transform": [4.15232699999999,0.000372239085611833,0.00027,0.004198],
        "sddk::FFT3D::transform_xy": [2.50248100000001,0.000224337158225012,0.000159,0.004064],
        "sddk::FFT3D::transform_z": [1.57115199999999,0.000140847333034513,9.3e-05,0.002487],
        "sddk::FFT3D::transform_z_serial": [1.52524499999999,0.000136731958762886,8.9e-05,0.002482],
        "sddk::Gvec::find_gvec_shells": [0.00365,0.000608333333333333,0.000194,0.002242],
        "sddk::Gvec::init": [0.008647,0.00144116666666667,0.000439,0.00545],
        "sddk::matrix_storage::matrix_storage": [0.00592600000000003,1.78493975903615e-05,0.0,0.00062],
        "sddk::matrix_storage::remap_backward": [0.000141,8.29411764705881e-07,0.0,1.4e-05],
        "sddk::matrix_storage::remap_forward": [0.000606000000000001,2.72972972972973e-06,1e-06,1.5e-05],
        "sddk::wave_functions::inner": [1.644076,0.00362131277533039,4e-06,0.017314],
        "sddk::wave_functions::orthogonalize": [2.615141,0.0153831823529412,0.000732,0.05404],
        "sddk::wave_functions::transform": [2.205249,0.00776496126760563,0.00038,0.030221],
        "sddk::wave_functions::transform|init": [0.02039,7.17957746478873e-05,0.0,0.000895],
        "sirius::Atom_type::init": [0.050491,0.0168303333333333,0.012193,0.019566],
        "sirius::Augmentation_operator::generate_pw_coeffs": [0.389066,0.129688666666667,0.114608,0.141319],
        "sirius::Band::Band": [2.7e-05,2.7e-05,2.7e-05,2.7e-05],
        "sirius::Band::apply_h_o": [6.811344,0.0400667294117647,0.002196,0.072077],
        "sirius::Band::diag_pseudo_potential": [12.058194,0.231888346153846,0.078702,0.478149],
        "sirius::Band::diag_pseudo_potential_davidson": [12.048114,0.2316945,0.078463,0.477907],
        "sirius::Band::diag_pseudo_potential_davidson|alloc": [0.012075,0.000232211538461538,0.000168,0.000789],
        "sirius::Band::diag_pseudo_potential_davidson|evp": [0.558321,0.00336337951807229,0.000944,0.011362],
        "sirius::Band::diag_pseudo_potential_davidson|iter": [11.762232,0.226196769230769,0.072467,0.470954],
        "sirius::Band::diag_pseudo_potential_davidson|update_phi": [0.441475,0.00848990384615385,0.003197,0.016847],
        "sirius::Band::diag_pseudo_potential_davidson|wf": [0.002337,4.49423076923077e-05,1.4e-05,0.001343],
        "sirius::Band::get_h_diag": [0.141111,0.00271367307692308,0.002063,0.004024],
        "sirius::Band::get_o_diag": [0.127008,0.00244246153846154,0.001927,0.003401],
        "sirius::Band::initialize_subspace": [0.382043,0.382043,0.382043,0.382043],
        "sirius::Band::initialize_subspace|kp": [0.379916,0.094979,0.091804,0.100989],
        "sirius::Band::initialize_subspace|kp|wf": [0.012615,0.00315375,0.002105,0.004274],
        "sirius::Band::residuals": [0.784603,0.00472652409638554,1e-06,0.021166],
        "sirius::Band::residuals_aux": [0.0823440000000001,0.000722315789473685,0.000424,0.001576],
        "sirius::Band::set_subspace_mtrx": [0.86958,0.00511517647058823,0.000421,0.017713],
        "sirius::Band::solve_for_kset": [12.072139,0.928626076923077,0.324293,1.781648],
        "sirius::Beta_projectors::Beta_projectors": [0.005192,0.001298,0.00121,0.001461],
        "sirius::Beta_projectors::generate_pw_coefs_t": [0.005166,0.0012915,0.001204,0.001454],
        "sirius::Beta_projectors_base::dismiss": [9.49999999999999e-05,8.79629629629629e-07,0.0,1e-05],
        "sirius::Beta_projectors_base::generate": [0.129722,0.000584333333333334,0.000506,0.001407],
        "sirius::Beta_projectors_base::inner": [1.06637,0.00480346846846847,0.000163,0.010571],
        "sirius::Beta_projectors_base::prepare": [4e-05,3.7037037037037e-07,0.0,1e-06],
        "sirius::Broyden1::mix": [0.010282,0.000790923076923077,3.9e-05,0.002245],
        "sirius::DFT_ground_state::ewald_energy": [0.001404,0.001404,0.001404,0.001404],
        "sirius::DFT_ground_state::scf_loop": [15.121049,15.121049,15.121049,15.121049],
        "sirius::DFT_ground_state::scf_loop|iteration": [15.117164,1.16285876923077,0.571556,2.034801],
        "sirius::DFT_ground_state::symmetrize": [0.445943,0.0171516538461538,0.015864,0.020663],
        "sirius::Density::add_k_point_contribution_dm": [0.261115,0.00502144230769231,0.004377,0.007919],
        "sirius::Density::add_k_point_contribution_rg": [0.57153,0.0109909615384615,0.009307,0.015644],
        "sirius::Density::augment": [1.130878,0.0869906153846154,0.078357,0.107963],
        "sirius::Density::generate": [2.028379,0.156029153846154,0.141339,0.174219],
        "sirius::Density::generate_pseudo_core_charge_density": [0.06456,0.06456,0.06456,0.06456],
        "sirius::Density::generate_rho_aug": [1.128341,0.0867954615384615,0.078196,0.107735],
        "sirius::Density::generate_rho_aug|gemm": [0.561106,0.0143873333333333,0.010492,0.042406],
        "sirius::Density::generate_rho_aug|phase_fac": [0.008727,0.000223769230769231,0.000106,0.000409],
        "sirius::Density::generate_rho_aug|sum": [0.195354,0.00500907692307692,0.002662,0.007021],
        "sirius::Density::generate_valence": [2.028319,0.156024538461538,0.141335,0.17421],
        "sirius::Density::initial_density": [0.06291,0.06291,0.06291,0.06291],
        "sirius::Density::symmetrize_density_matrix": [0.05424,0.00417230769230769,0.003548,0.00553],
        "sirius::K_point::K_point": [3e-06,7.5e-07,0.0,1e-06],
        "sirius::K_point::generate_gkvec": [0.002064,0.000516,0.00047,0.000595],
        "sirius::K_point::initialize": [0.01155,0.0028875,0.002755,0.003008],
        "sirius::K_point_set::K_point_set": [0.005121,0.005121,0.005121,0.005121],
        "sirius::K_point_set::add_kpoint": [2.5e-05,6.25e-06,2e-06,1.6e-05],
        "sirius::K_point_set::find_band_occupancies": [0.011354,0.000873384615384615,0.000625,0.001143],
        "sirius::K_point_set::sync_band_energies": [8.8e-05,6.76923076923077e-06,6e-06,1e-05],
        "sirius::Local_operator::apply_h": [4.183575,0.0246092647058824,0.001004,0.046937],
        "sirius::Local_operator::prepare": [0.017125,0.000244642857142857,4.1e-05,0.001459],
        "sirius::Non_local_operator::Non_local_operator": [0.000126,1.125e-06,0.0,1.3e-05],
        "sirius::Non_local_operator::apply": [1.660987,0.00488525588235294,0.000208,0.010636],
        "sirius::Periodic_function::add": [0.008294,0.000118485714285714,6.7e-05,0.000187],
        "sirius::Periodic_function::inner": [0.029746,0.000195697368421053,9.8e-05,0.000354],
        "sirius::Periodic_function::integrate": [0.00185,0.000142307692307692,0.000101,0.000228],
        "sirius::Potential::Potential": [0.522707,0.522707,0.522707,0.522707],
        "sirius::Potential::generate": [0.524951,0.0374965,0.034456,0.042345],