{
    "build_date": "Fri, 11 Aug 2017 12:06:36",
    "comm_world_size": 1,
    "git_hash": "15b43efedc91334320f9e938ea2a7b87dc49f3bc",
    "ground_state": {
        "aw_cutoff": 7.0,
        "band_gap": 0.0,
        "chemical_formula": "Fe2",
        "core_leakage": 0.0,
        "efermi": 0.591153213641574,
        "energy": {
            "bxc": -0.374225749765165,
            "core_eval_sum": 0.0,
            "enuc": 0.0,
            "eval_sum": -18.2805137983494,
            "ewald": -168.118559665585,
            "exc": -28.8568578658353,
            "kin": 76.2746391933979,
            "total": -250.597494992651,
            "veff": -94.1809272419821,
            "vha": 139.862987399044,
            "vxc": -34.5899300366411
        },
        "fft_coarse_grid": [24,24,24],
        "fft_grid": [45,45,45],
        "mpi_grid": [1,1],
        "num_atoms": 2,
        "num_bands": 52,
        "num_fv_states": 26,
        "omega": 170.177704326717,
        "pw_cutoff": 25.0
    },
    "task": 0,
    "threads_per_rank": 8,
    "timers": {
        "sddk::FFT3D::FFT3D": [0.005175,0.0025875,0.002197,0.002978],
        "sddk::FFT3D::prepare": [0.012305,7.88782051282051e-05,3.2e-05,0.000162],
        "sddk::FFT3D::prepare|cpu": [0.011611,7.44294871794872e-05,3e-05,0.000157],
        "sddk::FFT3D::transform": [4.80146299999993,0.000284345789411342,0.000204,0.004408],
        "sddk::FFT3D::transform_xy": [2.58572899999999,0.000153128568044533,0.000107,0.004171],
        "sddk::FFT3D::transform_z": [2.108658,0.000124876110387303,8.3e-05,0.004111],
        "sddk::FFT3D::transform_z_serial": [2.046718,0.000121207982944451,8e-05,0.004106],
        "sddk::Gvec::find_gvec_shells": [0.002619,0.0004365,0.000103,0.001753],
        "sddk::Gvec::init": [0.006197,0.00103283333333333,0.000242,0.004352],
        "sddk::matrix_storage::matrix_storage": [0.00159299999999998,4.14843749999996e-06,0.0,0.000173],
        "sddk::matrix_storage::remap_backward": [0.000224999999999999,6.35593220338982e-07,0.0,1e-06],
        "sddk::matrix_storage::remap_forward": [0.000931000000000009,1.96413502109706e-06,0.0,2.8e-05],
        "sddk::wave_functions::inner": [0.614343,0.000657754817987152,1e-06,0.003488],
        "sddk::wave_functions::orthogonalize": [0.933606,0.00263730508474576,0.000114,0.006604],
        "sddk::wave_functions::transform": [0.815543,0.00136378428093645,7.3e-05,0.003605],
        "sddk::wave_functions::transform|init": [0.010499,1.7556856187291e-05,0.0,0.000228],
        "sirius::Atom_type::init": [0.014107,0.014107,0.014107,0.014107],
        "sirius::Augmentation_operator::generate_pw_coeffs": [0.117468,0.117468,0.117468,0.117468],
        "sirius::Band::Band": [9e-06,9e-06,9e-06,9e-06],
        "sirius::Band::apply_h_o": [5.649828,0.0159599661016949,0.00091,0.03288],
        "sirius::Band::diag_pseudo_potential": [7.902714,0.1317119,0.048095,0.249116],
        "sirius::Band::diag_pseudo_potential_davidson": [7.893758,0.131562633333333,0.047926,0.248976],
        "sirius::Band::diag_pseudo_potential_davidson|alloc": [0.006175,0.000102916666666667,6.9e-05,0.000222],
        "sirius::Band::diag_pseudo_potential_davidson|evp": [0.381106,0.00110146242774566,0.00029,0.003431],
        "sirius::Band::diag_pseudo_potential_davidson|iter": [7.787221,0.129787016666667,0.046349,0.247013],
        "sirius::Band::diag_pseudo_potential_davidson|update_phi": [0.169177,0.00140980833333333,0.000585,0.002678],
        "sirius::Band::diag_pseudo_potential_davidson|wf": [0.001114,1.85666666666667e-05,1.3e-05,5.1e-05],
        "sirius::Band::get_h_diag": [0.064045,0.00106741666666667,0.000885,0.001741],
        "sirius::Band::get_o_diag": [0.031064,0.000517733333333334,0.000401,0.000698],
        "sirius::Band::initialize_subspace": [0.199311,0.199311,0.199311,0.199311],
        "sirius::Band::initialize_subspace|kp": [0.197537,0.04938425,0.044874,0.057713],
        "sirius::Band::initialize_subspace|kp|wf": [0.007554,0.0018885,0.000823,0.004968],
        "sirius::Band::residuals": [0.435334999999999,0.00125819364161849,0.0,0.010203],
        "sirius::Band::residuals_aux": [0.144166,0.000590844262295082,0.00022,0.008864],
        "sirius::Band::set_subspace_mtrx": [0.381871,0.00107873163841808,0.000175,0.003844],
        "sirius::Band::solve_for_kset": [7.927545,0.528503,0.195914,0.932646],
        "sirius::Beta_projectors::Beta_projectors": [0.001375,0.00034375,0.000305,0.00042],
        "sirius::Beta_projectors::generate_pw_coefs_t": [0.001355,0.00033875,0.000299,0.000414],
        "sirius::Beta_projectors_base::dismiss": [8.29999999999999e-05,6.69354838709677e-07,0.0,1.4e-05],
        "sirius::Beta_projectors_base::generate": [0.0510280000000001,0.000123256038647343,0.000111,0.000294],
        "sirius::Beta_projectors_base::inner": [0.337101,0.000711183544303797,3.6e-05,0.001293],
        "sirius::Beta_projectors_base::prepare": [4e-05,3.2258064516129e-07,0.0,1e-06],
        "sirius::Broyden1::mix": [0.010263,0.0006842,3.4e-05,0.001238],
        "sirius::DFT_ground_state::compute_atomic_mag_mom": [0.279294,0.0186196,0.018099,0.022006],
        "sirius::DFT_ground_state::ewald_energy": [0.000831,0.000831,0.000831,0.000831],
        "sirius::DFT_ground_state::scf_loop": [12.524636,12.524636,12.524636,12.524636],
        "sirius::DFT_ground_state::scf_loop|iteration": [12.518823,0.8345882,0.503175,1.229286],
        "sirius::DFT_ground_state::symmetrize": [1.629491,0.0543163666666667,0.051293,0.070089],
        "sirius::Density::add_k_point_contribution_dm": [0.107595,0.00179325,0.001578,0.002471],
        "sirius::Density::add_k_point_contribution_rg": [0.740696,0.0123449333333333,0.01091,0.017822],
        "sirius::Density::augment": [0.864963,0.0576642,0.054053,0.062238],
        "sirius::Density::generate": [1.89255,0.12617,0.121504,0.143332],
        "sirius::Density::generate_pseudo_core_charge_density": [0.022028,0.022028,0.022028,0.022028],
        "sirius::Density::generate_rho_aug": [0.859248,0.0572832,0.053676,0.061855],
        "sirius::Density::generate_rho_aug|gemm": [0.609561,0.0203187,0.009355,0.03532],
        "sirius::Density::generate_rho_aug|phase_fac": [0.002721,0.0001814,0.00014,0.000239],
        "sirius::Density::generate_rho_aug|sum": [0.165585,0.0055195,0.003979,0.007977],
        "sirius::Density::generate_valence": [1.892486,0.126165733333333,0.1215,0.143327],
        "sirius::Density::initial_density": [0.06295,0.06295,0.06295,0.06295],
        "sirius::Density::symmetrize_density_matrix": [0.16406,0.0109373333333333,0.01042,0.012884],
        "sirius::K_point::K_point": [2e-06,5e-07,0.0,1e-06],
        "sirius::K_point::generate_gkvec": [0.001232,0.000308,0.000265,0.000373],
        "sirius::K_point::initialize": [0.004039,0.00100975,0.000957,0.001048],
        "sirius::K_point_set::K_point_set": [0.003794,0.003794,0.003794,0.003794],
        "sirius::K_point_set::add_kpoint": [1.8e-05,4.5e-06,2e-06,1e-05],
        "sirius::K_point_set::find_band_occupancies": [0.018463,0.00123086666666667,0.000997,0.001761],
        "sirius::K_point_set::sync_band_energies": [7.1e-05,4.73333333333333e-06,4e-06,6e-06],
        "sirius::Local_operator::apply_h": [4.830686,0.0136460056497175,0.000589,0.029646],
        "sirius::Local_operator::prepare": [0.026337,0.0003292125,2e-05,0.001734],
        "sirius::Non_local_operator::Non_local_operator": [0.000116,9.06249999999999e-07,0.0,1e-05],
        "sirius::Non_local_operator::apply": [0.508067,0.000717608757062146,6.5e-05,0.001814],
        "sirius::Periodic_function::add": [0.004137,0.00012928125,9e-05,0.000191],
        "sirius::Periodic_function::inner": [0.065327,0.000178978082191781,9.3e-05,0.000419],
        "sirius::Periodic_function::integrate": [0.003571,0.000119033333333333,8.9e-05,0.000203],
        "sirius::Potential::Potential": [0.196754,0.196754,0.196754,0.196754],
        "sirius::Potential::generate": [0.689377,0.0430860625,0.040443,0.048355],