{
    "git_hash" : "9bd5ff9d728861af9dc1a63dada456eb89bea83b",
    "build_date" : "Fri Jun  3 10:31:07 CEST 2016",
    "num_ranks" : 1,
    "max_num_threads" : 8,
    "mpi_grid" : [1],
    "fft_grid" : [60,60,60],
    "chemical_formula" : "Si7Ge",
    "num_atoms" : 8,
    "num_fv_states" : 37,
    "num_bands" : 37,
    "aw_cutoff" : 7.0,
    "pw_cutoff" : 17.330,
    "omega" : 1080.846544,
    "energy" : {
        "total" : -39.98238994,
        "evxc" : -13.38574178,
        "eexc" : -18.73404784,
        "evha" : 4.37042005,
        "enuc" : 0.0
    },
    "timers" : {
        "sirius::Band::apply_h_o" : [6.409102, 0.0025760, 0.1058870, 0.05722413],
        "sirius::Band::diag_h_o" : [0.3125320, 0.0010930, 0.0099280, 0.002790464],
        "sirius::Band::diag_h_o|diag" : [0.3119050, 0.0010880, 0.0099210, 0.002784866],
        "sirius::Band::diag_h_o|gather" : [0.0000520, 0.0, 0.0000010, 0.0000004642857],
        "sirius::Band::diag_h_o|load" : [0.0000910, 0.0, 0.0000020, 0.00000081250],
        "sirius::Band::diag_pseudo_potential" : [10.755408, 0.129740, 0.6436890, 0.2444411],
        "sirius::Band::diag_pseudo_potential_davidson" : [10.673167, 0.12810, 0.6417510, 0.2425720],
        "sirius::Band::diag_pseudo_potential_davidson|update_phi" : [0.6521610, 0.0089830, 0.0328960, 0.01482184],
        "sirius::Band::get_h_diag" : [0.0367270, 0.0007140, 0.000920, 0.0008347045],
        "sirius::Band::get_o_diag" : [0.0002090, 0.0000030, 0.0000160, 0.000004750],
        "sirius::Band::residuals" : [1.043784, 0.0014220, 0.029320, 0.0124260],
        "sirius::Band::residuals_aux" : [0.0776660, 0.00030, 0.0016560, 0.0009245952],
        "sirius::Band::set_h_o" : [1.962223, 0.000810, 0.0437730, 0.01751985],
        "sirius::Beta_projectors::generate" : [0.0001850, 0.0000010, 0.000010, 0.000001651786],
        "sirius::Beta_projectors::inner" : [0.6243990, 0.0002310, 0.009140, 0.005574991],
        "sirius::Broyden1::mix" : [0.0265140, 0.0001570, 0.0057640, 0.002410364],
        "sirius::DFT_ground_state::ewald_energy" : [0.0035760, 0.0035760, 0.0035760, 0.0035760],
        "sirius::DFT_ground_state::initialize_subspace" : [0.5656340, 0.5656340, 0.5656340, 0.5656340],
        "sirius::DFT_ground_state::scf_loop" : [13.157043, 13.157043, 13.157043, 13.157043],
        "sirius::DFT_ground_state::scf_loop|iteration" : [13.149621, 0.7698540, 2.675511, 1.195420],
        "sirius::Density::add_k_point_contribution_rg" : [1.798736, 0.0299240, 0.0530030, 0.04088036],
        "sirius::Density::generate" : [1.822117, 0.1598130, 0.1707110, 0.1656470],
        "sirius::Density::generate_pseudo_core_charge_density" : [0.0547320, 0.0547320, 0.0547320, 0.0547320],
        "sirius::Density::generate_rho_radial_integrals" : [0.1020560, 0.0481610, 0.0538950, 0.0510280],
        "sirius::Density::generate_valence" : [1.822085, 0.1598090, 0.1707080, 0.1656441],
        "sirius::Density::generate_valence_density_it" : [1.798957, 0.1574830, 0.1688310, 0.1635415],
        "sirius::Density::initial_density" : [0.0642180, 0.0642180, 0.0642180, 0.0642180],
        "sirius::FFT3D::transform" : [6.475614, 0.0006530, 0.0114640, 0.0009971688],
        "sirius::FFT3D::transform_xy" : [5.166555, 0.0004890, 0.0112610, 0.0007955890],
        "sirius::FFT3D::transform_z_serial" : [1.270370, 0.0001240, 0.0083370, 0.0001956221],
        "sirius::Hloc_operator::apply" : [5.152911, 0.0020540, 0.0869780, 0.04600813],
        "sirius::K_point::initialize" : [0.4442870, 0.1060310, 0.1159690, 0.1110717],
        "sirius::K_set::find_band_occupancies" : [0.0089970, 0.0006630, 0.0009770, 0.0008179091],
        "sirius::K_set::find_eigen_states" : [10.756090, 0.5504910, 2.462504, 0.9778264],
        "sirius::Non_local_operator::apply" : [0.5888110, 0.0, 0.009460, 0.002628621],
        "sirius::Periodic_function::add" : [0.009280, 0.0001110, 0.0002960, 0.0001546667],
        "sirius::Periodic_function::fft_transform|comm" : [0.0000810, 0.0000030, 0.0000050, 0.0000033750],
        "sirius::Periodic_function::inner" : [0.0300320, 0.0001450, 0.000450, 0.0002346250],
        "sirius::Periodic_function::integrate" : [0.0019580, 0.0001450, 0.0002140, 0.0001780],
        "sirius::Potential::Potential" : [0.0940240, 0.0940240, 0.0940240, 0.0940240],
        "sirius::Potential::generate_effective_potential" : [0.2055820, 0.014320, 0.0214070, 0.01713183],
        "sirius::Potential::generate_local_potential" : [0.0919480, 0.0919480, 0.0919480, 0.0919480],
        "sirius::Potential::poisson" : [0.0324560, 0.0021960, 0.0033820, 0.002704667],
        "sirius::Potential::xc" : [0.1327540, 0.0087220, 0.0128280, 0.01106283],
        "sirius::Potential::xc_it_nonmagnetic" : [0.1326260, 0.0087130, 0.0128060, 0.01105217],
        "sirius::Smooth_periodic_function::fft_transform" : [0.1042460, 0.0017230, 0.0029090, 0.002171792],
        "sirius::Symmetry::symmetrize_function" : [0.2838370, 0.0106590, 0.0156710, 0.01290168],
        "sirius::Unit_cell::find_nearest_neighbours" : [0.0010840, 0.0010840, 0.0010840, 0.0010840],
        "sirius::Unit_cell::get_symmetry" : [0.0012020, 0.0012020, 0.0012020, 0.0012020],
        "sirius::Unit_cell::make_periodic_function" : [0.0119780, 0.0036780, 0.0041850, 0.003992667],
        "sirius::Utils::find_translations" : [0.0019350, 0.000630, 0.0006730, 0.0006450],
        "sirius::Wave_functions::inner" : [1.947336, 0.0003630, 0.0228550, 0.008693464],
        "sirius::Wave_functions::swap_backward" : [0.0000790, 0.0, 0.0000020, 0.0000007053571],
        "sirius::Wave_functions::swap_forward" : [0.0002040, 0.0, 0.0000090, 0.000001307692]
    }
}
