{
    "comm_world_size": 1,
    "counters": {
        "band_evp_work_count": 3714.7629999999967,
        "local_operator_num_applied": 8658
    },
    "git_hash": "2fef8d388ab621b138d31cc62675903e8da2a227",
    "ground_state": {
        "aw_cutoff": 0.0,
        "band_gap": 0.0,
        "chemical_formula": "Fe",
        "converged": true,
        "core_leakage": 0.0,
        "efermi": 0.6570416178104405,
        "energy": {
            "bxc": -0.0966442668001122,
            "core_eval_sum": 0.0,
            "entropy_sum": -1.209940626320229e-05,
            "enuc": 0.0,
            "eval_sum": -8.297411036110752,
            "ewald": -86.00847147516703,
            "exc": -17.40081950954025,
            "kin": 6.206199313746692,
            "scf_correction": -6.250313653310968e-06,
            "total": -164.63105411289456,
            "veff": -14.406966083057332,
            "vha": 66.68030713871072,
            "vloc": -63.324267725420945,
            "vxc": -17.763005496345016
        },
        "etot_history": [
            -164.60689097860094,
            -164.61954583469364,
            -164.62292274253028,
            -164.6070895107268,
            -164.62989846187267,
            -164.63066318373853,
            -164.63093414828506,
            -164.63099887393398,
            -164.63102452982136,
            -164.63103761478223,
            -164.63104480691513,
            -164.63104886627585,
            -164.63105185454103,
            -164.63105284178724,
            -164.63105343212447,
            -164.63105384449912,
            -164.63105389832143,
            -164.6310540131429,
            -164.63105405740245,
            -164.63105408123255,
            -164.6310540950441,
            -164.63105410484994,
            -164.63105410781753,
            -164.63105411055142,
            -164.63105411274836,
            -164.63105411289456
        ],
        "fft_coarse_grid": [
            27,
            27,
            27
        ],
        "fft_grid": [
            48,
            48,
            48
        ],
        "mpi_grid": [
            1,
            1
        ],
        "num_atoms": 1,
        "num_bands": 10,
        "num_fv_states": 10,
        "num_scf_iterations": 25,
        "omega": 79.43391564800001,
        "pw_cutoff": 30.0,
        "rms_history": [
            0.04127809436089719,
            0.036959080807738035,
            0.023603576247527083,
            0.03923890530779801,
            0.011428751930012901,
            0.0022654565885284325,
            0.0012276987902277718,
            0.0006948581200729192,
            0.00021482980201929726,
            0.0001893167769936542,
            0.00013869489906897964,
            0.00013870761482661243,
            3.67970348755366e-05,
            3.795355687466169e-05,
            7.627607643079313e-05,
            3.322088849403382e-05,
            4.594434677179095e-05,
            1.4689384444921874e-05,
            1.1946222975123451e-05,
            1.8987098174669374e-06,
            9.906428688904933e-07,
            2.1339412903846792e-06,
            2.514870390468306e-06,
            5.405828134456686e-06,
            2.886417024481187e-06,
            8.202907270384539e-07
        ],
        "scf_time": 20.429369
    },
    "task": 0,
    "threads_per_rank": 8
}