{
    "comm_world_size": 1,
    "counters": {
        "band_evp_work_count": 16724.980000000127,
        "local_operator_num_applied": 19880
    },
    "git_hash": "0ed82be64ac67488a03fcd07b36cbcd95f7560f4",
    "ground_state": {
        "aw_cutoff": 0.0,
        "band_gap": 0.0,
        "chemical_formula": "Fe",
        "converged": true,
        "core_leakage": 0.0,
        "efermi": 0.6570403006628536,
        "energy": {
            "bxc": -0.09664483286430617,
            "core_eval_sum": 0.0,
            "enuc": 0.0,
            "eval_sum": -8.29743010933877,
            "ewald": -86.00847147516708,
            "exc": -17.40081824182178,
            "kin": 6.2061899153304525,
            "total": -164.6310420583725,
            "veff": -14.406975191804916,
            "vha": 66.68028161719776,
            "vloc": -63.324253692618484,
            "vxc": -17.763003116380094
        },
        "etot_history": [-164.5404417541599,-164.68313276128066,-163.87377154059033,-165.26922997676834,-164.68129114081825,-164.65011053264237,-164.6270247687445,-164.63769002620398,-164.62874032411395,-164.62911245673374,-164.63114782698847,-164.63102707192704,-164.63103954860088,-164.63104086598446,-164.63104167604274,-164.6310414319242,-164.63104210833612,-164.63104219376663,-164.63104217206757,-164.63104209343814,-164.63104205206895,-164.6310420580297,-164.63104205839926,-164.6310420583725],
        "fft_coarse_grid": [27,27,27],
        "fft_grid": [48,48,48],
        "mpi_grid": [1,1],
        "num_atoms": 1,
        "num_bands": 10,
        "num_fv_states": 10,
        "num_scf_iterations": 23,
        "omega": 79.43391564800001,
        "pw_cutoff": 30.0,
        "rms_history": [0.041941108056703,0.0324271289181117,0.016833064921087833,0.022202756174266064,0.0037678623393318615,0.0015234373737467756,0.002125978767904228,0.0012395828462113507,0.0001581401893779953,0.00011986926864352035,3.986229003260474e-06,1.8807549141482481e-06,1.026801450714177e-07,3.911801130108968e-08,1.6643980354551594e-08,1.055511732867928e-08,8.239266386773336e-09,6.323086181216245e-09,3.009175951779758e-09,6.784850481110554e-10,1.4401841712419457e-10,6.992819541177792e-12,8.550335152054861e-13,1.934744058202311e-13],
        "scf_time": 55.373292
    },
    "task": 0,
    "threads_per_rank": 8
}