{
    "git_hash" : "bad92644b5b78eb3df0d9cd965211c97fccae4fc",
    "build_date" : "Fri Feb 12 22:29:49 CET 2016",
    "num_ranks" : 1,
    "max_num_threads" : 8,
    "mpi_grid" : [1],
    "fft_grid" : [48,48,48],
    "chemical_formula" : "SrVO3",
    "num_atoms" : 5,
    "num_fv_states" : 38,
    "num_bands" : 38,
    "aw_cutoff" : 7.0,
    "pw_cutoff" : 20.0,
    "omega" : 382.708924,
    "energy" : {
        "total" : -4295.82575951,
        "evxc" : -221.47277970,
        "eexc" : -167.32850726,
        "evha" : -6561.49008718,
        "enuc" : -5137.18862490
    },
    "timers" : {
        "sirius::Atom::generate_radial_integrals" : [5.236635, 0.0450470, 0.0963410, 0.05818483],
        "sirius::Atom::generate_radial_integrals|inner" : [3.805089, 0.0315950, 0.0750950, 0.04227877],
        "sirius::Atom::generate_radial_integrals|interp" : [0.8433040, 0.0066490, 0.0188750, 0.009370044],
        "sirius::Atom_symmetry_class::find_enu" : [0.7582570, 0.0081130, 0.0234840, 0.01404180],
        "sirius::Atom_symmetry_class::generate_core_charge_density" : [1.286042, 0.0114740, 0.0395780, 0.02381559],
        "sirius::Atom_symmetry_class::generate_radial_functions" : [0.8641650, 0.0098950, 0.0255070, 0.01600306],
        "sirius::Atom_symmetry_class::generate_radial_integrals" : [0.0697310, 0.0008230, 0.0020340, 0.001291315],
        "sirius::Atom_symmetry_class::transform_radial_functions" : [0.0007120, 0.0000090, 0.0000270, 0.00001318519],
        "sirius::Band::diag_fv_full_potential" : [51.813885, 0.620040, 0.8004470, 0.7196373],
        "sirius::Band::diag_fv_full_potential|genevp" : [21.18160, 0.2451430, 0.3364310, 0.2941889],
        "sirius::Band::set_fv_h_o" : [30.321253, 0.366620, 0.4616280, 0.4211285],
        "sirius::Band::set_fv_h_o_it" : [0.063380, 0.0006810, 0.0016830, 0.0008802778],
        "sirius::Band::set_fv_h_o_lo_lo" : [0.0059250, 0.0000530, 0.0001340, 0.00008229167],
        "sirius::Band::set_fv_h_o|zgemm" : [28.815746, 0.352750, 0.4377360, 0.4002187],
        "sirius::Band::solve_sv" : [0.0000740, 0.0, 0.0000110, 0.000001027778],
        "sirius::Broyden1::mix" : [1.744589, 0.0034910, 0.1582420, 0.09692161],
        "sirius::DFT_ground_state::scf_loop" : [141.032821, 141.032821, 141.032821, 141.032821],
        "sirius::DFT_ground_state::scf_loop|iteration" : [140.177936, 7.623869, 8.078268, 7.787663],
        "sirius::Density::add_k_point_contribution" : [0.3135910, 0.0038120, 0.006320, 0.004355431],
        "sirius::Density::add_k_point_contribution_rg" : [2.428409, 0.0296710, 0.0380390, 0.03372790],
        "sirius::Density::generate" : [5.344032, 0.2857290, 0.3082550, 0.2968907],
        "sirius::Density::generate_core_charge_density" : [1.286278, 0.064820, 0.0830890, 0.07145989],
        "sirius::Density::generate_rho_radial_integrals" : [0.1278980, 0.1278980, 0.1278980, 0.1278980],
        "sirius::Density::generate_valence" : [4.046749, 0.2163230, 0.2320330, 0.2248194],
        "sirius::Density::generate_valence_density_it" : [2.428734, 0.1282970, 0.140150, 0.1349297],
        "sirius::Density::generate_valence_density_mt" : [1.574488, 0.0824470, 0.091870, 0.08747156],
        "sirius::Density::generate|expand_lm" : [1.141896, 0.0097330, 0.0193250, 0.01268773],
        "sirius::Density::generate|sum_zdens" : [0.0255390, 0.0002110, 0.0004360, 0.0002837667],
        "sirius::Density::initial_density" : [2.592090, 2.592090, 2.592090, 2.592090],
        "sirius::Density::initial_density|rholm" : [0.8803390, 0.8803390, 0.8803390, 0.8803390],
        "sirius::Density::initial_density|znulm" : [1.228213, 1.228213, 1.228213, 1.228213],
        "sirius::FFT3D::transform" : [2.279878, 0.0006020, 0.0025340, 0.0008728476],
        "sirius::FFT3D::transform_xy" : [1.880430, 0.0004940, 0.0024130, 0.0007199196],
        "sirius::FFT3D::transform_z_serial" : [0.3875510, 0.0000830, 0.0006630, 0.0001483733],
        "sirius::K_point::generate_fv_states" : [0.482190, 0.0053210, 0.0080880, 0.006697083],
        "sirius::K_point::generate_spinor_wave_functions" : [0.0043290, 0.0000490, 0.0001010, 0.0000601250],
        "sirius::K_point::initialize" : [0.063440, 0.0153730, 0.0162920, 0.015860],
        "sirius::K_set::find_band_occupancies" : [0.0136050, 0.0006020, 0.0009540, 0.0007558333],
        "sirius::K_set::find_eigen_states" : [58.504698, 3.203985, 3.344796, 3.250261],
        "sirius::Periodic_function::add" : [0.0477870, 0.0010580, 0.0015340, 0.001257553],
        "sirius::Periodic_function::fft_transform" : [0.0885130, 0.0013650, 0.0019910, 0.001580589],
        "sirius::Periodic_function::sync_mt" : [0.0001880, 0.0000030, 0.0000150, 0.000004947368],
        "sirius::Potential::Potential" : [1.020023, 1.020023, 1.020023, 1.020023],
        "sirius::Potential::generate_effective_potential" : [15.453173, 0.7771040, 0.907490, 0.8133249],
        "sirius::Potential::poisson" : [7.400970, 0.365260, 0.4510150, 0.3895247],
        "sirius::Potential::poisson_add_pseudo_pw" : [0.8330910, 0.0399620, 0.0540070, 0.04384689],
        "sirius::Potential::poisson_sum_G" : [5.057363, 0.1150950, 0.1592030, 0.1330885],
        "sirius::Potential::poisson_vmt" : [1.383835, 0.0685460, 0.0875040, 0.07283342],
        "sirius::Potential::poisson|bc" : [0.0450520, 0.0020970, 0.0027010, 0.002371158],
        "sirius::Potential::xc" : [7.985267, 0.3982750, 0.4529310, 0.4202772],
        "sirius::Potential::xc_it_nonmagnetic" : [0.0792180, 0.0033740, 0.0056250, 0.004169368],
        "sirius::Potential::xc_mt" : [7.905758, 0.3948880, 0.448540, 0.4160925],
        "sirius::Potential::xc_mt_nonmagnetic" : [0.8064340, 0.005470, 0.0116370, 0.008488779],
        "sirius::Step_function::init" : [0.0059040, 0.0059040, 0.0059040, 0.0059040],
        "sirius::Symmetry::symmetrize_function" : [0.4641340, 0.0236630, 0.028890, 0.02578522],
        "sirius::Symmetry::symmetrize_function_mt" : [58.859149, 3.167539, 3.425799, 3.269953],
        "sirius::Unit_cell::find_nearest_neighbours" : [0.0008570, 0.0008570, 0.0008570, 0.0008570],
        "sirius::Unit_cell::generate_radial_functions" : [0.8658650, 0.0433510, 0.0534020, 0.04810361],
        "sirius::Unit_cell::generate_radial_integrals" : [5.307006, 0.2742590, 0.3606820, 0.2948337],
        "sirius::Unit_cell::get_symmetry" : [0.0042010, 0.0042010, 0.0042010, 0.0042010],
        "sirius::Unit_cell::make_periodic_function" : [0.0049140, 0.0023960, 0.0025180, 0.0024570],
        "sirius::Utils::find_translations" : [0.0012020, 0.0005980, 0.0006040, 0.0006010],
        "sirius::Wave_functions::swap_backward" : [0.0001160, 0.0000010, 0.0000110, 0.000001611111],
        "sirius::Wave_functions::swap_forward" : [0.0003420, 0.0, 0.0000050, 0.0000023750],
        "sirius::sbessel_approx" : [0.0299370, 0.0299370, 0.0299370, 0.0299370],
        "sirius::sbessel_approx::approximate" : [0.1899680, 0.1899680, 0.1899680, 0.1899680]
    }
}
