{
    "build_date": "Tue, 25 Jul 2017 17:22:21",
    "comm_world_size": 1,
    "git_hash": "dfb27823de4acda3a5a316942b4e17a9ef004ef5",
    "ground_state": {
        "aw_cutoff": 7.0,
        "band_gap": 0.0285487824623005,
        "chemical_formula": "Ni2O2",
        "core_leakage": 0.0,
        "efermi": 0.518197540398095,
        "energy": {
            "bxc": -0.0445642784145374,
            "core_eval_sum": 0.0,
            "enuc": 0.0,
            "eval_sum": -24.3838895394988,
            "ewald": -238.919868302797,
            "exc": -42.2105977749183,
            "kin": 116.571287100201,
            "total": -375.417689832153,
            "veff": -140.910612361285,
            "vha": 246.390448511698,
            "vxc": -53.2918900409095
        },
        "fft_coarse_grid": [40,40,40],
        "fft_grid": [64,64,64],
        "mpi_grid": [1,1],
        "num_atoms": 4,
        "num_bands": 68,
        "num_fv_states": 34,
        "omega": 245.918806141068,
        "pw_cutoff": 20.0
    },
    "task": 0,
    "threads_per_rank": 8,
    "timers": {
        "sddk::FFT3D::FFT3D": [0.005638,0.002819,0.001995,0.003643],
        "sddk::FFT3D::prepare": [0.013197,9.03904109589041e-05,3.4e-05,0.000189],
        "sddk::FFT3D::prepare|cpu": [0.01248,8.54794520547945e-05,3.1e-05,0.000185],
        "sddk::FFT3D::transform": [12.7417619999998,0.000571379461883399,0.000393,0.005278],
        "sddk::FFT3D::transform_xy": [9.12030700000003,0.000408982376681616,0.000273,0.00459],
        "sddk::FFT3D::transform_z": [3.45149399999998,0.000154775515695066,9e-05,0.004915],
        "sddk::FFT3D::transform_z_serial": [3.35274599999996,0.000150347354260088,8.8e-05,0.004907],
        "sddk::Gvec::find_gvec_shells": [0.002506,0.000417666666666667,0.000134,0.001461],
        "sddk::Gvec::init": [0.008706,0.001451,0.000466,0.005164],
        "sddk::matrix_storage::matrix_storage": [0.00345600000000003,9.60000000000008e-06,0.0,0.000423],
        "sddk::matrix_storage::remap_backward": [0.000321000000000001,8.62903225806454e-07,0.0,1.3e-05],
        "sddk::matrix_storage::remap_forward": [0.001495,3.08884297520662e-06,0.0,0.000289],
        "sddk::wave_functions::inner": [1.776787,0.00178392269076305,2e-06,0.006483],
        "sddk::wave_functions::orthogonalize": [2.844786,0.00764727419354838,0.0004,0.022403],
        "sddk::wave_functions::transform": [2.535053,0.00393641770186336,0.000189,0.012583],
        "sddk::wave_functions::transform|init": [0.023269,3.61319875776397e-05,0.0,0.000469],
        "sirius::Atom_type::init": [0.026294,0.013147,0.010925,0.015369],
        "sirius::Augmentation_operator::generate_pw_coeffs": [0.184131,0.0920655,0.080364,0.103767],
        "sirius::Band::Band": [1e-05,1e-05,1e-05,1e-05],
        "sirius::Band::apply_h_o": [14.994145,0.0403068413978495,0.001943,0.081084],
        "sirius::Band::diag_pseudo_potential": [20.975362,0.374560035714286,0.114786,0.76427],
        "sirius::Band::diag_pseudo_potential_davidson": [20.965882,0.37439075,0.11464,0.76412],
        "sirius::Band::diag_pseudo_potential_davidson|alloc": [0.011864,0.000211857142857143,0.000114,0.000547],
        "sirius::Band::diag_pseudo_potential_davidson|evp": [0.903301999999999,0.0024815989010989,0.000771,0.007586],
        "sirius::Band::diag_pseudo_potential_davidson|iter": [20.75254,0.370581071428571,0.110801,0.759971],
        "sirius::Band::diag_pseudo_potential_davidson|update_phi": [0.461991,0.00412491964285714,0.001436,0.008679],
        "sirius::Band::diag_pseudo_potential_davidson|wf": [0.000947,1.69107142857143e-05,1.3e-05,6e-05],
        "sirius::Band::get_h_diag": [0.133066,0.00237617857142857,0.001933,0.003495],
        "sirius::Band::get_o_diag": [0.064352,0.00114914285714286,0.000909,0.001936],
        "sirius::Band::initialize_subspace": [0.533946,0.533946,0.533946,0.533946],
        "sirius::Band::initialize_subspace|kp": [0.530839,0.13270975,0.130325,0.135309],
        "sirius::Band::initialize_subspace|kp|wf": [0.006114,0.0015285,0.001256,0.002068],
        "sirius::Band::residuals": [1.0428,0.00286483516483517,1e-06,0.012995],
        "sirius::Band::residuals_aux": [0.16048,0.000589999999999999,0.000268,0.001076],
        "sirius::Band::set_subspace_mtrx": [0.979473,0.00263299193548387,0.000306,0.006853],
        "sirius::Band::solve_for_kset": [21.009156,1.500654,0.494283,2.597561],
        "sirius::Beta_projectors::Beta_projectors": [0.002798,0.0006995,0.000556,0.000877],
        "sirius::Beta_projectors::generate_pw_coefs_t": [0.002774,0.0006935,0.000552,0.000866],
        "sirius::Beta_projectors_base::dismiss": [7.29999999999999e-05,6.29310344827585e-07,0.0,4e-06],
        "sirius::Beta_projectors_base::generate": [0.135928,0.000317588785046729,0.000276,0.000832],
        "sirius::Beta_projectors_base::inner": [1.179001,0.00243595247933884,8.8e-05,0.005974],
        "sirius::Beta_projectors_base::prepare": [3.5e-05,3.01724137931034e-07,0.0,1e-06],
        "sirius::Broyden1::mix": [0.015368,0.00109771428571429,5.6e-05,0.002052],
        "sirius::DFT_ground_state::compute_atomic_mag_mom": [0.879432,0.0628165714285714,0.052555,0.079825],
        "sirius::DFT_ground_state::ewald_energy": [0.000825,0.000825,0.000825,0.000825],
        "sirius::DFT_ground_state::scf_loop": [26.945693,26.945693,26.945693,26.945693],
        "sirius::DFT_ground_state::scf_loop|iteration": [26.941174,1.92436957142857,0.889982,3.078024],
        "sirius::DFT_ground_state::symmetrize": [0.477989,0.0170710357142857,0.014471,0.024217],
        "sirius::Density::add_k_point_contribution_dm": [0.327258,0.00584389285714286,0.005103,0.010702],
        "sirius::Density::add_k_point_contribution_rg": [1.975462,0.0352761071428571,0.028042,0.050192],
        "sirius::Density::augment": [0.949398,0.0678141428571429,0.061862,0.076094],
        "sirius::Density::generate": [3.324411,0.237457928571429,0.210324,0.274233],
        "sirius::Density::generate_pseudo_core_charge_density": [0.037963,0.037963,0.037963,0.037963],
        "sirius::Density::generate_rho_aug": [0.943512,0.0673937142857143,0.061485,0.075687],
        "sirius::Density::generate_rho_aug|gemm": [0.637047,0.0113758392857143,0.004731,0.033439],
        "sirius::Density::generate_rho_aug|phase_fac": [0.007074,0.000252642857142857,0.000144,0.000392],
        "sirius::Density::generate_rho_aug|sum": [0.18065,0.00322589285714286,0.00165,0.006582],
        "sirius::Density::generate_valence": [3.324346,0.237453285714286,0.21032,0.274228],
        "sirius::Density::initial_density": [0.275293,0.275293,0.275293,0.275293],
        "sirius::Density::symmetrize_density_matrix": [0.044494,0.00317814285714286,0.002771,0.004468],
        "sirius::K_point::K_point": [1.2e-05,3e-06,1e-06,7e-06],
        "sirius::K_point::generate_gkvec": [0.002312,0.000578,0.000494,0.000667],
        "sirius::K_point::initialize": [0.008335,0.00208375,0.001754,0.002681],
        "sirius::K_point_set::K_point_set": [0.027057,0.027057,0.027057,0.027057],
        "sirius::K_point_set::add_kpoint": [4.5e-05,1.125e-05,4e-06,2.6e-05],
        "sirius::K_point_set::find_band_occupancies": [0.02146,0.00153285714285714,0.000967,0.001846],
        "sirius::K_point_set::sync_band_energies": [9.2e-05,6.57142857142857e-06,4e-06,1e-05],
        "sirius::Local_operator::apply_h": [12.219199,0.0328473091397849,0.001234,0.070527],
        "sirius::Local_operator::prepare": [0.036617,0.000488226666666667,2.8e-05,0.00254],
        "sirius::Non_local_operator::Non_local_operator": [0.000124,1.03333333333333e-06,0.0,1.1e-05],
        "sirius::Non_local_operator::apply": [1.737209,0.00233495833333333,0.00012,0.005767],
        "sirius::Periodic_function::add": [0.014541,0.00019388,0.000126,0.000299],
        "sirius::Periodic_function::inner": [0.050923,0.000263849740932643,0.000146,0.000509],
        "sirius::Periodic_function::integrate": [0.004954,0.000176928571428571,0.000109,0.000274],
        "sirius::Potential::Potential": [0.303846,0.303846,0.303846,0.303846],