{
    "build_date": "Tue, 22 Nov 2016 16:26:33",
    "comm_world_size": 1,
    "git_hash": "6e385a9f2219ab24589ca1ad4d434d25bb884b85",
    "ground_state": {
        "aw_cutoff": 7,
        "band_gap": 0.276163246500096,
        "chemical_formula": "LiF",
        "core_leakage": 0.0,
        "efermi": 0.254296875,
        "energy": {
            "bxc": 0.0,
            "core_eval_sum": 0.0,
            "enuc": 0.0,
            "eval_sum": -3.42716833797178,
            "ewald": -20.4843022271533,
            "exc": -7.17309265738336,
            "kin": -13.8153826057322,
            "total": -36.4164874152983,
            "veff": 10.3882142677605,
            "vha": 19.0794253095754,
            "vxc": -8.69121104181495
        },
        "fft_coarse_grid": [
            24,
            24,
            24
        ],
        "fft_grid": [
            36,
            36,
            36
        ],
        "mpi_grid": [
            1
        ],
        "num_atoms": 2,
        "num_bands": 15,
        "num_fv_states": 15,
        "omega": 110.09266138705,
        "pw_cutoff": 20
    },
    "task": 0,
    "threads_per_rank": 8,
    "timers": {
        "Eigenproblem_lapack|AD=eD": [
            0.006958,
            0.000224451612903226,
            0.000115,
            0.000659
        ],
        "sirius::Augmentation_operator::generate_pw_coeffs": [
            0.388332,
            0.194166,
            0.190264,
            0.198068
        ],
        "sirius::Augmentation_operator::get_radial_integrals": [
            0.346684,
            0.173342,
            0.16906,
            0.177624
        ],
        "sirius::Band::apply_h_o": [
            0.238326,
            0.00768793548387097,
            0.000762,
            0.016552
        ],
        "sirius::Band::diag_pseudo_potential": [
            0.279421,
            0.0254019090909091,
            0.009418,
            0.043766
        ],
        "sirius::Band::diag_pseudo_potential_davidson": [
            0.271787,
            0.0247079090909091,
            0.008777,
            0.043176
        ],
        "sirius::Band::diag_pseudo_potential_davidson|update_phi": [
            0.001946,
            0.000162166666666667,
            6.5e-05,
            0.000658
        ],
        "sirius::Band::get_h_diag": [
            0.002877,
            0.000261545454545455,
            0.0002,
            0.000296
        ],
        "sirius::Band::get_o_diag": [
            0.002712,
            0.000246545454545454,
            0.000184,
            0.000318
        ],
        "sirius::Band::initialize_subspace": [
            0.011233,
            0.011233,
            0.011233,
            0.011233
        ],
        "sirius::Band::residuals": [
            0.009616,
            0.000320533333333333,
            0.0,
            0.000742
        ],
        "sirius::Band::residuals_aux": [
            0.006191,
            0.00030955,
            0.000238,
            0.000506
        ],
        "sirius::Band::set_subspace_mtrx": [
            0.007261,
            0.000234225806451613,
            0.000116,
            0.000484
        ],
        "sirius::Band::solve_for_kset": [
            0.279515,
            0.0254104545454545,
            0.009425,
            0.043784
        ],
        "sirius::Beta_projectors::generate": [
            3.3e-05,
            7.67441860465116e-07,
            0.0,
            2e-06
        ],
        "sirius::Beta_projectors::inner": [
            0.002808,
            6.10434782608696e-05,
            7e-06,
            0.000114
        ],
        "sirius::Broyden1::mix": [
            0.015675,
            0.001425,
            8.3e-05,
            0.003434
        ],
        "sirius::DFT_ground_state::ewald_energy": [
            0.000745,
            0.000745,
            0.000745,
            0.000745
        ],
        "sirius::DFT_ground_state::initialize_subspace": [
            0.031392,
            0.031392,
            0.031392,
            0.031392
        ],
        "sirius::DFT_ground_state::scf_loop": [
            1.030063,
            1.030063,
            1.030063,
            1.030063
        ],
        "sirius::DFT_ground_state::scf_loop|iteration": [
            1.0254,
            0.0932181818181818,
            0.074183,
            0.11128
        ],
        "sirius::Density::add_k_point_contribution_dm": [
            0.001667,
            0.000151545454545455,
            0.000129,
            0.000213
        ],
        "sirius::Density::add_k_point_contribution_rg": [
            0.03708,
            0.00337090909090909,
            0.00295,
            0.00411
        ],
        "sirius::Density::augment": [
            0.059263,
            0.00538754545454545,
            0.005022,
            0.006866
        ],
        "sirius::Density::augment|mpi": [
            5e-05,
            4.54545454545455e-06,
            3e-06,
            1.4e-05
        ],
        "sirius::Density::generate": [
            0.120044,
            0.0109130909090909,
            0.010067,
            0.012114
        ],
        "sirius::Density::generate_pseudo_core_charge_density": [
            0.023336,
            0.023336,
            0.023336,
            0.023336
        ],
        "sirius::Density::generate_rho_aug": [
            0.057739,
            0.005249,
            0.004876,
            0.00673
        ],
        "sirius::Density::generate_rho_aug|gemm": [
            0.01372,
            0.000623636363636364,
            0.000463,
            0.002107
        ],
        "sirius::Density::generate_rho_aug|phase_fac": [
            0.003383,
            0.000153772727272727,
            0.000134,
            0.000189
        ],
        "sirius::Density::generate_rho_aug|sum": [
            0.038751,
            0.00176140909090909,
            0.001613,
            0.002158
        ],
        "sirius::Density::generate_rho_radial_integrals": [
            0.043971,
            0.0219855,
            0.02177,
            0.022201
        ],
        "sirius::Density::generate_valence": [
            0.12002,
            0.0109109090909091,
            0.010065,
            0.012109
        ],
        "sirius::Density::initial_density": [
            0.028004,
            0.028004,
            0.028004,
            0.028004
        ],
        "sirius::Density::symmetrize_density_matrix": [
            0.013575,
            0.00123409090909091,
            0.001222,
            0.00126
        ],
        "sirius::FFT3D::prepare": [
            0.005041,
            7.00138888888889e-05,
            3.8e-05,
            0.000136
        ],
        "sirius::FFT3D::transform": [
            0.263597,
            0.000500184060721063,
            0.000223,
            0.004377
        ],
        "sirius::FFT3D::transform_xy": [
            0.120072,
            0.000227840607210626,
            0.000131,
            0.004034
        ],
        "sirius::FFT3D::transform_z_serial": [
            0.138972,
            0.000156676437429538,
            6.6e-05,
            0.004007
        ],
        "sirius::Hloc_operator::apply": [
            0.229154,
            0.00739206451612903,
            0.000655,
            0.016231
        ],
        "sirius::K_point::initialize": [
            0.039154,
            0.039154,
            0.039154,
            0.039154
        ],
        "sirius::K_set::find_band_occupancies": [
            0.000155,
            1.40909090909091e-05,
            5e-06,
            3.6e-05
        ],
        "sirius::Non_local_operator::apply": [
            0.006303,
            0.000101661290322581,
            3.6e-05,
            0.000145
        ],
        "sirius::Periodic_function::add": [
            0.006502,
            0.000108366666666667,
            7.2e-05,
            0.000158
        ],