{
    "build_date": "Tue, 25 Jul 2017 17:22:21",
    "comm_world_size": 1,
    "git_hash": "dfb27823de4acda3a5a316942b4e17a9ef004ef5",
    "ground_state": {
        "aw_cutoff": 7.0,
        "band_gap": 0.2761565419017,
        "chemical_formula": "LiF",
        "core_leakage": 0.0,
        "efermi": 0.254296875,
        "energy": {
            "bxc": 0.0,
            "core_eval_sum": 0.0,
            "enuc": 0.0,
            "eval_sum": -3.42669154770801,
            "ewald": -20.4843022271532,
            "exc": -7.17312683746633,
            "kin": 17.8027451633702,
            "total": -36.4161152258969,
            "veff": -21.2294367110782,
            "vha": 19.079644616532,
            "vxc": -8.69125401018751
        },
        "fft_coarse_grid": [24,24,24],
        "fft_grid": [36,36,36],
        "mpi_grid": [1,1],
        "num_atoms": 2,
        "num_bands": 15,
        "num_fv_states": 15,
        "omega": 110.09266138705,
        "pw_cutoff": 20.0
    },
    "task": 0,
    "threads_per_rank": 8,
    "timers": {
        "sddk::FFT3D::FFT3D": [0.005438,0.002719,0.002524,0.002914],
        "sddk::FFT3D::prepare": [0.002706,5.75744680851064e-05,3.2e-05,0.000175],
        "sddk::FFT3D::prepare|cpu": [0.002543,5.41063829787234e-05,2.9e-05,0.000171],
        "sddk::FFT3D::transform": [0.182877,0.00038099375,0.000205,0.003402],
        "sddk::FFT3D::transform_xy": [0.082225,0.000171302083333333,0.000113,0.000498],
        "sddk::FFT3D::transform_z": [0.0959219999999999,0.000123293059125964,7.4e-05,0.002917],
        "sddk::FFT3D::transform_z_serial": [0.09298,0.000119511568123393,7.1e-05,0.002912],
        "sddk::Gvec::find_gvec_shells": [0.001084,0.000361333333333333,0.000177,0.000673],
        "sddk::Gvec::init": [0.002776,0.000925333333333333,0.000261,0.001938],
        "sddk::matrix_storage::matrix_storage": [7.19999999999999e-05,1.01408450704225e-06,0.0,6e-06],
        "sddk::matrix_storage::remap_backward": [2e-05,6.66666666666667e-07,0.0,1e-06],
        "sddk::matrix_storage::remap_forward": [6.1e-05,1.48780487804878e-06,1e-06,2e-06],
        "sddk::wave_functions::inner": [0.005781,7.41153846153846e-05,1e-06,0.000246],
        "sddk::wave_functions::orthogonalize": [0.00723,0.000241,5.2e-05,0.000655],
        "sddk::wave_functions::transform": [0.005865,0.000110660377358491,1.4e-05,0.000315],
        "sddk::wave_functions::transform|init": [0.00017,3.20754716981132e-06,0.0,1e-05],
        "sirius::Atom_type::init": [0.032611,0.0163055,0.015998,0.016613],
        "sirius::Augmentation_operator::generate_pw_coeffs": [0.016797,0.0083985,0.007928,0.008869],
        "sirius::Band::Band": [1.5e-05,1.5e-05,1.5e-05,1.5e-05],
        "sirius::Band::apply_h_o": [0.156552,0.0052184,0.000729,0.011443],
        "sirius::Band::diag_pseudo_potential": [0.186583,0.0169620909090909,0.008181,0.035589],
        "sirius::Band::diag_pseudo_potential_davidson": [0.185665,0.0168786363636364,0.008092,0.035508],
        "sirius::Band::diag_pseudo_potential_davidson|alloc": [7e-05,6.36363636363636e-06,6e-06,7e-06],
        "sirius::Band::diag_pseudo_potential_davidson|evp": [0.008021,0.000276586206896552,0.000129,0.000696],
        "sirius::Band::diag_pseudo_potential_davidson|iter": [0.181268,0.0164789090909091,0.007701,0.03513],
        "sirius::Band::diag_pseudo_potential_davidson|update_phi": [0.001259,0.000114454545454545,6.5e-05,0.000232],
        "sirius::Band::diag_pseudo_potential_davidson|wf": [0.000201,1.82727272727273e-05,1.4e-05,2.7e-05],
        "sirius::Band::get_h_diag": [0.001966,0.000178727272727273,0.000141,0.000264],
        "sirius::Band::get_o_diag": [0.001893,0.000172090909090909,0.000122,0.00023],
        "sirius::Band::initialize_subspace": [0.010052,0.010052,0.010052,0.010052],
        "sirius::Band::initialize_subspace|kp": [0.008597,0.008597,0.008597,0.008597],
        "sirius::Band::initialize_subspace|kp|wf": [0.00061,0.00061,0.00061,0.00061],
        "sirius::Band::residuals": [0.009198,0.000317172413793104,0.0,0.000657],
        "sirius::Band::residuals_aux": [0.005867,0.000255086956521739,0.000184,0.000318],
        "sirius::Band::set_subspace_mtrx": [0.006002,0.000200066666666667,8.6e-05,0.000373],
        "sirius::Band::solve_for_kset": [0.192387,0.0174897272727273,0.008731,0.036117],
        "sirius::Beta_projectors::Beta_projectors": [0.000198,0.000198,0.000198,0.000198],
        "sirius::Beta_projectors::generate_pw_coefs_t": [0.000184,0.000184,0.000184,0.000184],
        "sirius::Beta_projectors_base::dismiss": [1.2e-05,5.21739130434783e-07,0.0,1e-06],
        "sirius::Beta_projectors_base::generate": [0.001113,2.71463414634146e-05,2.4e-05,3.5e-05],
        "sirius::Beta_projectors_base::inner": [0.002372,5.78536585365854e-05,7e-06,0.000103],
        "sirius::Beta_projectors_base::prepare": [6e-06,2.60869565217391e-07,0.0,1e-06],
        "sirius::Broyden1::mix": [0.001825,0.000165909090909091,1.6e-05,0.000422],
        "sirius::DFT_ground_state::ewald_energy": [0.000454,0.000454,0.000454,0.000454],
        "sirius::DFT_ground_state::scf_loop": [0.667311,0.667311,0.667311,0.667311],
        "sirius::DFT_ground_state::scf_loop|iteration": [0.663923,0.0603566363636364,0.052207,0.079552],
        "sirius::DFT_ground_state::symmetrize": [0.146663,0.0066665,0.004995,0.008404],
        "sirius::Density::add_k_point_contribution_dm": [0.001924,0.000174909090909091,0.000148,0.000231],
        "sirius::Density::add_k_point_contribution_rg": [0.023478,0.00213436363636364,0.001601,0.005335],
        "sirius::Density::augment": [0.028236,0.00256690909090909,0.002038,0.004239],
        "sirius::Density::generate": [0.063716,0.00579236363636364,0.004729,0.01013],
        "sirius::Density::generate_pseudo_core_charge_density": [0.038507,0.038507,0.038507,0.038507],
        "sirius::Density::generate_rho_aug": [0.027419,0.00249263636363636,0.001988,0.004115],
        "sirius::Density::generate_rho_aug|gemm": [0.013706,0.000623,0.00045,0.002079],
        "sirius::Density::generate_rho_aug|phase_fac": [0.00194,8.81818181818182e-05,5.6e-05,0.000153],
        "sirius::Density::generate_rho_aug|sum": [0.010156,0.000461636363636364,0.000329,0.000676],
        "sirius::Density::generate_valence": [0.063667,0.00578790909090909,0.004726,0.010125],
        "sirius::Density::initial_density": [0.039725,0.039725,0.039725,0.039725],
        "sirius::Density::symmetrize_density_matrix": [0.004661,0.000423727272727273,0.000405,0.000523],
        "sirius::K_point::K_point": [1e-06,1e-06,1e-06,1e-06],
        "sirius::K_point::generate_gkvec": [0.000309,0.000309,0.000309,0.000309],
        "sirius::K_point::initialize": [0.000547,0.000547,0.000547,0.000547],
        "sirius::K_point_set::K_point_set": [0.024426,0.024426,0.024426,0.024426],
        "sirius::K_point_set::add_kpoint": [1.3e-05,1.3e-05,1.3e-05,1.3e-05],
        "sirius::K_point_set::find_band_occupancies": [0.00014,1.27272727272727e-05,5e-06,3.3e-05],
        "sirius::K_point_set::sync_band_energies": [3.9e-05,3.54545454545454e-06,3e-06,4e-06],
        "sirius::Local_operator::apply_h": [0.147976,0.00493253333333333,0.000602,0.011038],
        "sirius::Local_operator::prepare": [0.006748,0.000281166666666667,8e-06,0.000997],
        "sirius::Non_local_operator::Non_local_operator": [1.8e-05,7.5e-07,0.0,2e-06],
        "sirius::Non_local_operator::apply": [0.005212,8.68666666666667e-05,3.4e-05,0.000135],
        "sirius::Periodic_function::add": [0.00479,7.98333333333334e-05,4.6e-05,0.000261],
        "sirius::Periodic_function::inner": [0.019437,0.000149515384615385,8.2e-05,0.000295],
        "sirius::Periodic_function::integrate": [0.001263,0.000114818181818182,8.3e-05,0.000148],
        "sirius::Potential::Potential": [0.396763,0.396763,0.396763,0.396763],
        "sirius::Potential::generate": [0.228708,0.019059,0.018148,0.020155],
        "sirius::Potential::generate_D_operator_matrix": [0.018091,0.00150758333333333,0.001275,0.00173],