{
    "control": {
        "beta_chunk_size": 256,
        "cyclic_block_size": 16,
        "fft_mode": "parallel",
        "gen_evp_solver_name": "lapack",
        "gvec_chunk_size": 500000,
        "mpi_grid_dims": [
            1,
            1
        ],
        "num_bands_to_print": 10,
        "ortho_rf": false,
        "output": "stdout:",
        "print_forces": false,
        "print_neighbors": false,
        "print_stress": false,
        "processing_unit": "cpu",
        "reduce_gvec": true,
        "rmt_max": 2.2,
        "spglib_tolerance": 0.00009999999747378752,
        "std_evp_solver_name": "lapack",
        "use_second_variation": true,
        "verbosity": 2,
        "verification": 0
    },
    "hubbard": {
        "constrained_calculation": true,
        "constraint_beta_mixing": 0.4,
        "constraint_error": 0.1,
        "constraint_max_iteration": 100,
        "constraint_method": "energy",
        "constraint_strength": 1.0,
        "hubbard_subspace_method" : "full_orthogonalization",
        "local": [
            {
                "atom_type": "Ni",
                "U": 0.220496,
                "l": 2,
                "n": 3,
                "total_initial_occupancy": 8.0
            }
        ],
        "local_constraint": [
            {
                "atom_index": 0,
                "l": 2,
                "lm_order": [
                    0,
                    -1,
                    1,
                    -2,
                    2
                ],
                "n": 3,
                "occupancy": [
                    [
                        [
                            0.9844772394506213,
                            0.0033761974439078446,
                            0.001298173410650568,
                            -0.11393263837006834,
                            -0.047833820722961204
                        ],
                        [
                            0.0033761974439078446,
                            0.9992656777031389,
                            -0.0002823524679677068,
                            0.024780327005565622,
                            0.010403846837904641
                        ],
                        [
                            0.001298173410650568,
                            -0.0002823524679677068,
                            0.9998914333440397,
                            0.009528222848429843,
                            0.004000357668009239
                        ],
                        [
                            -0.11393263837006834,
                            0.024780327005565622,
                            0.009528222848429843,
                            0.16376690572063435,
                            -0.35108661123461593
                        ],
                        [
                            -0.047833820722961204,
                            0.010403846837904641,
                            0.004000357668009239,
                            -0.35108661123461593,
                            0.8525987437815664
                        ]
                    ],
                    [
                        [
                            0.9999999999999999,
                            6.573317056229983E-17,
                            -2.3198491241167815E-17,
                            7.936212068257761E-18,
                            -8.293567740407401E-18
                        ],
                        [
                            6.573317056229983E-17,
                            1.0,
                            3.99116502031857E-17,
                            7.098631440358264E-17,
                            -5.4507034965138266E-17
                        ],
                        [
                            -2.3198491241167815E-17,
                            3.99116502031857E-17,
                            1.0,
                            -4.100637595794376E-17,
                            4.111498836651851E-17
                        ],
                        [
                            7.936212068257761E-18,
                            7.098631440358264E-17,
                            -4.100637595794376E-17,
                            1.0,
                            -3.2612355718465296E-18
                        ],
                        [
                            -8.293567740407401E-18,
                            -5.4507034965138266E-17,
                            4.111498836651851E-17,
                            -3.2612355718465296E-18,
                            0.9999999999999999
                        ]
                    ]
                ]
            }
        ],
        "nonlocal": [],
        "simplified": true
    },
    "iterative_solver": {
        "converge_by_energy": 1,
        "early_restart": 0.5,
        "empty_states_tolerance": 0.00001,
        "energy_tolerance": 0.01,
        "extra_ortho": false,
        "init_eval_old": true,
        "init_subspace": "lcao",
        "locking": true,
        "min_num_res": 0,
        "num_singular": -1,
        "num_steps": 20,
        "relative_tolerance": 0,
        "residual_tolerance": 0.000001,
        "subspace_size": 2,
        "type": "davidson"
    },
    "mixer": {
        "beta": 0.4,
        "beta0": 0.15,
        "beta_scaling_factor": 1.0,
        "linear_mix_rms_tol": 1000000.0,
        "max_history": 8,
        "type": "anderson",
        "use_hartree": true
    },
    "nlcg": {
        "T": 300.0,
        "kappa": 0.3,
        "maxiter": 300,
        "processing_unit": "",
        "restart": 10,
        "tau": 0.1,
        "tol": 1E-9
    },
    "parameters": {
        "auto_rmt": 1,
        "aw_cutoff": 0.0,
        "core_relativity": "dirac",
        "density_tol": 0.000001,
        "electronic_structure_method": "pseudopotential",
        "energy_tol": 0.000001,
        "extra_charge": 0,
        "gamma_point": false,
        "gk_cutoff": 7.745966692414834,
        "hubbard_correction": true,
        "lmax_apw": -1,
        "lmax_pot": -1,
        "lmax_rho": -1,
        "molecule": false,
        "ngridk": [
            2,
            2,
            2
        ],
        "nn_radius": -1,
        "num_bands": 16,
        "num_dft_iter": 100,
        "num_fv_states": -1,
        "num_mag_dims": 1,
        "precision_gs": "auto",
        "precision_hs": "fp64",
        "precision_wf": "fp64",
        "pw_cutoff": 21.908902300206645,
        "reduce_aux_bf": 0,
        "shiftk": [
            0,
            0,
            0
        ],
        "smearing": "gaussian",
        "smearing_width": 0.005,
        "so_correction": false,
        "use_ibz": true,
        "use_scf_correction": true,
        "use_symmetry": true,
        "valence_relativity": "zora",
        "vk": [],
        "xc_dens_tre": -1,
        "xc_functionals": [
            "XC_GGA_X_PBE_SOL",
            "XC_GGA_C_PBE_SOL"
        ]
    },
    "settings": {
        "always_update_wf": true,
        "auto_enu_tol": 0,
        "fft_grid_size": [
            40,
            40,
            40
        ],
        "fp32_to_fp64_rms": 0,
        "itsol_tol_min": 1E-13,
        "itsol_tol_ratio": 0,
        "itsol_tol_scale": [
            0.1,
            0.95
        ],
        "min_occupancy": 1E-14,
        "mixer_rms_min": 1E-16,
        "nprii_aug": 20,
        "nprii_beta": 20,
        "nprii_rho_core": 20,
        "nprii_vloc": 200,
        "radial_grid": "exponential, 1.0",
        "sht_coverage": 0
    },
    "unit_cell": {
        "atom_coordinate_units": "lattice",
        "atom_files": {
            "Ni": "Ni.json",
            "O": "O.json"
        },
        "atom_types": [
            "Ni",
            "O"
        ],
        "atoms": {
            "Ni": [
                [
                    0.0,
                    0.0,
                    0.0
                ]
            ],