{
    "control": {
        "processing_unit": "cpu",
        "verbosity": 2
    },
    "hubbard": {
        "full_orthogonalization": true,
        "constrained_calculation": true,
        "constraint_strength": 1.0,
        "constraint_max_iteration": 15,
        "constraint_beta_mixing": 0.4,
        "local": [
            {
                "atom_type": "Ni",
                "U": 6,
                "l": 2,
                "n": 3,
                "total_initial_occupancy": 8
            }
        ],
        "local_constraint": [
            {
                "atom_index": 0,
                "n": 3,
                "l": 2,
                "occupancy": [
                    [
                        [
                            0.9844772394506213,
                            0.0033761974439078446,
                            0.001298173410650568,
                            -0.11393263837006834,
                            -0.047833820722961204
                        ],
                        [
                            0.0033761974439078446,
                            0.9992656777031389,
                            -0.0002823524679677068,
                            0.024780327005565622,
                            0.010403846837904641
                        ],
                        [
                            0.001298173410650568,
                            -0.0002823524679677068,
                            0.9998914333440397,
                            0.009528222848429843,
                            0.004000357668009239
                        ],
                        [
                            -0.11393263837006834,
                            0.024780327005565622,
                            0.009528222848429843,
                            0.16376690572063435,
                            -0.35108661123461593
                        ],
                        [
                            -0.047833820722961204,
                            0.010403846837904641,
                            0.004000357668009239,
                            -0.35108661123461593,
                            0.8525987437815664
                        ]
                    ],
                    [
                        [
                            0.9999999999999999,
                            6.573317056229983E-17,
                            -2.3198491241167815E-17,
                            7.936212068257761E-18,
                            -8.293567740407401E-18
                        ],
                        [
                            6.573317056229983E-17,
                            1.0,
                            3.99116502031857E-17,
                            7.098631440358264E-17,
                            -5.4507034965138266E-17
                        ],
                        [
                            -2.3198491241167815E-17,
                            3.99116502031857E-17,
                            1.0,
                            -4.100637595794376E-17,
                            4.111498836651851E-17
                        ],
                        [
                            7.936212068257761E-18,
                            7.098631440358264E-17,
                            -4.100637595794376E-17,
                            1.0,
                            -3.2612355718465296E-18
                        ],
                        [
                            -8.293567740407401E-18,
                            -5.4507034965138266E-17,
                            4.111498836651851E-17,
                            -3.2612355718465296E-18,
                            0.9999999999999999
                        ]
                    ]
                ]
            }
        ],
        "normalize": false,
        "orthogonalize": false,
        "simplified": false
    },
    "iterative_solver": {
        "converge_by_energy": 1,
        "early_restart": 0.5,
        "empty_states_tolerance": 0.00001,
        "energy_tolerance": 0.01,
        "extra_ortho": false,
        "init_eval_old": true,
        "init_subspace": "lcao",
        "locking": true,
        "min_num_res": 0,
        "num_singular": -1,
        "num_steps": 20,
        "relative_tolerance": 0,
        "residual_tolerance": 0.000001,
        "subspace_size": 2,
        "type": "davidson"
    },
    "mixer": {
        "beta": 0.7,
        "max_history": 8,
        "type": "anderson",
        "use_hartree": true
    },
    "parameters": {
        "density_tol": 0.000001,
        "electronic_structure_method": "pseudopotential",
        "energy_tol": 0.000001,
        "gk_cutoff": 7.0710678118654755,
        "hubbard_correction": true,
        "ngridk": [
            2,
            2,
            2
        ],
        "num_dft_iter": 100,
        "num_mag_dims": 1,
        "pw_cutoff": 20,
        "smearing": "gaussian",
        "smearing_width": 0.001,
        "so_correction": false,
        "use_scf_correction": true,
        "xc_functionals": [
            "XC_GGA_X_PBE_SOL",
            "XC_GGA_C_PBE_SOL"
        ]
    },
    "settings": {
        "fft_grid_size": [
            60,
            60,
            60
        ]
    },
    "unit_cell": {
        "atom_coordinate_units": "lattice",
        "atom_files": {
            "Ni": "Ni.json",
            "O": "O.json"
        },
        "atom_types": [
            "Ni",
            "O"
        ],
        "atoms": {
            "Ni": [
                [
                    0,
                    0,
                    0
                ]
            ],
            "O": [
                [
                    0.5,
                    0.5,
                    0.5
                ]
            ]
        },
        "lattice_vectors": [
		[0.0000000000,      3.9466941443 ,     3.9466941443],
		[3.9466941443,      0.0000000000,      3.9466941443],
[3.9466941443,      3.9466941443,      0.0000000000]
        ],
        "lattice_vectors_scale": 1
    }
}
