{
    "build_date": "Tue, 25 Jul 2017 17:22:21",
    "comm_world_size": 1,
    "git_hash": "dfb27823de4acda3a5a316942b4e17a9ef004ef5",
    "ground_state": {
        "aw_cutoff": 7.0,
        "band_gap": 0.0,
        "chemical_formula": "Ni",
        "core_leakage": 0.0,
        "efermi": 0.667448904058613,
        "energy": {
            "bxc": -0.0373112765726222,
            "core_eval_sum": 0.0,
            "enuc": 0.0,
            "eval_sum": -10.7439607204975,
            "ewald": -111.75579555951,
            "exc": -17.7809008847074,
            "kin": 48.8502883855107,
            "total": -171.580089533606,
            "veff": -59.5569378294355,
            "vha": 107.089112038192,
            "vxc": -22.2451236502058
        },
        "fft_coarse_grid": [18,18,18],
        "fft_grid": [40,40,40],
        "mpi_grid": [1,1],
        "num_atoms": 1,
        "num_bands": 38,
        "num_fv_states": 19,
        "omega": 73.3928435946975,
        "pw_cutoff": 25.0
    },
    "task": 0,
    "threads_per_rank": 8,
    "timers": {
        "sddk::FFT3D::FFT3D": [0.00468,0.00234,0.002214,0.002466],
        "sddk::FFT3D::prepare": [0.014449,6.09662447257384e-05,3.1e-05,0.000165],
        "sddk::FFT3D::prepare|cpu": [0.013715,5.78691983122363e-05,2.9e-05,0.000161],
        "sddk::FFT3D::transform": [4.71416599999998,0.000256692948543424,0.000171,0.007721],
        "sddk::FFT3D::transform_xy": [2.40456799999999,0.000130932099101551,8.4e-05,0.004178],
        "sddk::FFT3D::transform_z": [2.19867899999999,0.000119721154369724,7.3e-05,0.006932],
        "sddk::FFT3D::transform_z_serial": [2.13412699999998,0.000116206207459841,7.1e-05,0.006915],
        "sddk::Gvec::find_gvec_shells": [0.001442,0.0002884,0.000105,0.000823],
        "sddk::Gvec::init": [0.003387,0.0006774,0.000194,0.002199],
        "sddk::matrix_storage::matrix_storage": [0.000515000000000005,9.53703703703714e-07,0.0,1.9e-05],
        "sddk::matrix_storage::remap_backward": [0.000343000000000002,6.01754385964916e-07,0.0,1.5e-05],
        "sddk::matrix_storage::remap_forward": [0.00100000000000001,1.34408602150539e-06,0.0,1.1e-05],
        "sddk::wave_functions::inner": [0.213258999999999,0.000139384967320261,1e-06,0.000486],
        "sddk::wave_functions::orthogonalize": [0.3327,0.000583684210526316,4.5e-05,0.001636],
        "sddk::wave_functions::transform": [0.306494999999999,0.000298437195715676,2.5e-05,0.001048],
        "sddk::wave_functions::transform|init": [0.00412300000000001,4.01460564751705e-06,0.0,8.8e-05],
        "sirius::Atom_type::init": [0.017884,0.017884,0.017884,0.017884],
        "sirius::Augmentation_operator::generate_pw_coeffs": [0.076085,0.076085,0.076085,0.076085],
        "sirius::Band::Band": [1e-05,1e-05,1e-05,1e-05],
        "sirius::Band::apply_h_o": [4.711317,0.00826546842105262,0.000648,0.01967],
        "sirius::Band::diag_pseudo_potential": [5.861534,0.0673739540229885,0.025749,0.131115],
        "sirius::Band::diag_pseudo_potential_davidson": [5.852873,0.0672744022988506,0.025675,0.131049],
        "sirius::Band::diag_pseudo_potential_davidson|alloc": [0.004063,4.67011494252874e-05,3.3e-05,6.7e-05],
        "sirius::Band::diag_pseudo_potential_davidson|evp": [0.316777,0.00056166134751773,0.000185,0.001878],
        "sirius::Band::diag_pseudo_potential_davidson|iter": [5.785625,0.0665014367816092,0.024979,0.130169],
        "sirius::Band::diag_pseudo_potential_davidson|update_phi": [0.063482,0.000362754285714286,0.000149,0.0016],
        "sirius::Band::diag_pseudo_potential_davidson|wf": [0.001474,1.69425287356322e-05,1.3e-05,4.1e-05],
        "sirius::Band::get_h_diag": [0.04076,0.000468505747126437,0.000362,0.001252],
        "sirius::Band::get_o_diag": [0.018986,0.000218229885057471,0.000158,0.000598],
        "sirius::Band::initialize_subspace": [0.077002,0.077002,0.077002,0.077002],
        "sirius::Band::initialize_subspace|kp": [0.075143,0.0250476666666667,0.024691,0.025594],
        "sirius::Band::initialize_subspace|kp|wf": [0.001772,0.000590666666666667,0.000551,0.00062],
        "sirius::Band::residuals": [0.249702,0.000442734042553192,0.0,0.002633],
        "sirius::Band::residuals_aux": [0.120049,0.000263843956043956,0.00018,0.002225],
        "sirius::Band::set_subspace_mtrx": [0.169393,0.000297180701754386,9.9e-05,0.000664],
        "sirius::Band::solve_for_kset": [5.904161,0.20359175862069,0.096701,0.377949],
        "sirius::Beta_projectors::Beta_projectors": [0.000753,0.000251,0.000192,0.000363],
        "sirius::Beta_projectors::generate_pw_coefs_t": [0.000735,0.000245,0.000187,0.000356],
        "sirius::Beta_projectors_base::dismiss": [6.39999999999999e-05,3.61581920903954e-07,0.0,1e-06],
        "sirius::Beta_projectors_base::generate": [0.018904,2.87732115677321e-05,2.3e-05,5.2e-05],
        "sirius::Beta_projectors_base::inner": [0.0755160000000001,0.0001015,8e-06,0.000226],
        "sirius::Beta_projectors_base::prepare": [7.49999999999999e-05,4.23728813559321e-07,0.0,1e-06],
        "sirius::Broyden1::mix": [0.012941,0.000446241379310345,1.7e-05,0.000729],
        "sirius::DFT_ground_state::compute_atomic_mag_mom": [0.38912,0.0134179310344828,0.012746,0.016973],
        "sirius::DFT_ground_state::ewald_energy": [0.000443,0.000443,0.000443,0.000443],
        "sirius::DFT_ground_state::scf_loop": [10.277705,10.277705,10.277705,10.277705],
        "sirius::DFT_ground_state::scf_loop|iteration": [10.273443,0.354256655172414,0.264779,0.526601],
        "sirius::DFT_ground_state::symmetrize": [0.853328,0.0147125517241379,0.012766,0.019012],
        "sirius::Density::add_k_point_contribution_dm": [0.035731,0.000410701149425287,0.000346,0.000508],
        "sirius::Density::add_k_point_contribution_rg": [0.511847,0.00588329885057471,0.005167,0.011554],
        "sirius::Density::augment": [0.638716,0.0220246896551724,0.020104,0.025953],
        "sirius::Density::generate": [1.277861,0.0440641724137931,0.041481,0.048167],
        "sirius::Density::generate_pseudo_core_charge_density": [0.01923,0.01923,0.01923,0.01923],
        "sirius::Density::generate_rho_aug": [0.629657,0.0217123103448276,0.019751,0.025669],
        "sirius::Density::generate_rho_aug|gemm": [0.428548,0.00738875862068965,0.002316,0.014989],
        "sirius::Density::generate_rho_aug|phase_fac": [0.002384,8.22068965517241e-05,5.8e-05,0.000129],
        "sirius::Density::generate_rho_aug|sum": [0.133248,0.00229737931034483,0.001771,0.003345],
        "sirius::Density::generate_valence": [1.277738,0.0440599310344828,0.041478,0.048163],
        "sirius::Density::initial_density": [0.039489,0.039489,0.039489,0.039489],
        "sirius::Density::symmetrize_density_matrix": [0.068947,0.00237748275862069,0.002298,0.00252],
        "sirius::K_point::K_point": [2e-06,6.66666666666667e-07,0.0,1e-06],
        "sirius::K_point::generate_gkvec": [0.000906,0.000302,0.000226,0.000399],
        "sirius::K_point::initialize": [0.001829,0.000609666666666667,0.000465,0.000839],
        "sirius::K_point_set::K_point_set": [0.011149,0.011149,0.011149,0.011149],
        "sirius::K_point_set::add_kpoint": [3.3e-05,1.1e-05,4e-06,2.3e-05],
        "sirius::K_point_set::find_band_occupancies": [0.015429,0.000532034482758621,0.000448,0.000598],
        "sirius::K_point_set::sync_band_energies": [0.000113,3.89655172413793e-06,3e-06,5e-06],
        "sirius::Local_operator::apply_h": [4.4533,0.00781280701754385,0.000513,0.018965],
        "sirius::Local_operator::prepare": [0.043172,0.000359766666666667,9e-06,0.007678],
        "sirius::Non_local_operator::Non_local_operator": [0.000162,8.99999999999999e-07,0.0,1.5e-05],
        "sirius::Non_local_operator::apply": [0.169682,0.000148843859649123,3.7e-05,0.000727],
        "sirius::Periodic_function::add": [0.014547,9.698e-05,5.3e-05,0.000183],
        "sirius::Periodic_function::inner": [0.058429,0.000150590206185567,8.4e-05,0.000468],
        "sirius::Periodic_function::integrate": [0.005999,0.000103431034482759,8.5e-05,0.000187],