{
    "comm_world_size": 1,
    "counters": {
        "band_evp_work_count": 0.0,
        "local_operator_num_applied": 0
    },
    "git_hash": "7ade765f991df20e3754f24d926d391992bdf069",
    "ground_state": {
        "aw_cutoff": 7.0,
        "band_gap": 0.0,
        "chemical_formula": "NiO",
        "converged": true,
        "core_leakage": 4.230693454716672e-09,
        "efermi": 0.3123786890856265,
        "energy": {
            "bxc": 0.0,
            "core_eval_sum": -892.791596741722,
            "enuc": -1925.337792439036,
            "eval_sum": -910.6789377752582,
            "ewald": 0.0,
            "exc": -72.14632735374093,
            "kin": 1620.1586159347573,
            "total": -1595.9285186927414,
            "veff": -2530.8375537100155,
            "vha": -2437.2060296694435,
            "vxc": -93.63152401877913
        },
        "etot_history": [-1595.1001367374338,-1597.7253031769699,-1595.1650470667291,-1596.4562112383567,-1595.4902720315367,-1596.12328102779,-1595.7080600868612,-1596.0055162112192,-1595.820109847544,-1595.9584253504888,-1595.874914396484,-1595.939177432745,-1595.9016497455145,-1595.931625277154,-1595.9148799242575,-1595.9289354155908,-1595.9215253906982,-1595.9281492663843,-1595.9249011950371,-1595.928038949763,-1595.9266321190187,-1595.9281270128445,-1595.9275273773255,-1595.9282441674795,-1595.9279942556561,-1595.9283404005935,-1595.9282396078318,-1595.9284080525906,-1595.9283694369935,-1595.9284520753624,-1595.9284385508277,-1595.9284794344192,-1595.9284755303001,-1595.9284959286451,-1595.928495398521,-1595.928505661165,-1595.9285061075739,-1595.9285113126007,-1595.9285118935288,-1595.928514553339,-1595.9285150246105,-1595.9285163931297,-1595.9285167203807,-1595.928517428698,-1595.9285176389287,-1595.9285180073343,-1595.9285181360733,-1595.9285183288362,-1595.9285184048408,-1595.9285185058984,-1595.928518550112,-1595.9285186032828,-1595.9285186281961,-1595.9285186561676,-1595.9285186703016,-1595.9285186848897,-1595.9285186927414],
        "fft_coarse_grid": [16,16,16],
        "fft_grid": [40,40,40],
        "mpi_grid": [1,1],
        "num_atoms": 2,
        "num_bands": 60,
        "num_fv_states": 60,
        "num_scf_iterations": 56,
        "omega": 122.95940307053387,
        "pw_cutoff": 20.0,
        "rms_history": [0.25112846869994765,0.1863351859522548,0.13799606282706542,0.10286974476482327,0.0764597264352344,0.057013097283011085,0.042421298480767256,0.03163869159228007,0.02355697817386694,0.017572977249441037,0.013091070226994303,0.00976753411240843,0.007279555348739563,0.005432370535613354,0.004050154747293384,0.0030228984131777867,0.0022544771209105836,0.0016829048702706672,0.0012554610445492116,0.0009372902187566404,0.000699396809470505,0.0005222128366210049,0.00038975368050236925,0.0002910473693834298,0.00021726460379204306,0.00016225907409810815,0.0001211457658824483,9.048409902094899e-05,6.756756536010712e-05,5.047125784055125e-05,3.769388518815156e-05,2.81589683339412e-05,2.1032904880847316e-05,1.5713882710898438e-05,1.1738636177500137e-05,8.770794924612549e-06,6.552712319337437e-06,4.896416897336343e-06,3.6585219954495073e-06,2.733997072373995e-06,2.042998819105974e-06,1.5268439359984074e-06,1.1410513658758419e-06,8.52836583875921e-07,6.374049957896517e-07,4.7644085697774763e-07,3.561203609831109e-07,2.6621001491551625e-07,1.9899822784600086e-07,1.4876757029835132e-07,1.1121585092103012e-07,8.314948718010147e-08,6.216646466453568e-08,4.6482499270074466e-08,3.475486573596126e-08,2.5988142353351136e-08,1.943349684804411e-08],
        "scf_time": 41.715643
    },
    "task": 0,
    "threads_per_rank": 8,
    "timers": null
}