{
    "comm_world_size": 1,
    "counters": {
        "band_evp_work_count": 189.37109375,
        "local_operator_num_applied": 404
    },
    "git_hash": "2fef8d388ab621b138d31cc62675903e8da2a227",
    "ground_state": {
        "aw_cutoff": 0.0,
        "band_gap": 0.07685736792297959,
        "chemical_formula": "Si2",
        "converged": true,
        "core_leakage": 0.0,
        "efermi": 0.29496683399666973,
        "energy": {
            "bxc": 0.0,
            "core_eval_sum": 0.0,
            "entropy_sum": -0.00796921777983411,
            "enuc": 0.0,
            "eval_sum": 1.1587867908732907,
            "ewald": -8.400464790610219,
            "exc": -4.432440903215207,
            "kin": 5.680426856854958,
            "scf_correction": -2.3832752660268852e-08,
            "total": -8.996103382607336,
            "veff": -4.521640065981668,
            "vha": 1.6654599167147135,
            "vloc": -2.6683852623808137,
            "vxc": -3.5187147203147435
        },
        "etot_history": [
            -8.980860105779072,
            -8.993856457050185,
            -8.995772696386645,
            -8.996048273846267,
            -8.996079811559502,
            -8.996098559111967,
            -8.996101279402566,
            -8.996102381534921,
            -8.996102923404322,
            -8.996103173622577,
            -8.996103286279542,
            -8.996103338897095,
            -8.996103362700975,
            -8.996103373553897,
            -8.99610337850956,
            -8.996103380758505,
            -8.996103381768982,
            -8.996103382227659,
            -8.996103382436768,
            -8.996103382527227,
            -8.99610338257182,
            -8.99610338258652,
            -8.99610338259809,
            -8.996103382603186,
            -8.996103382607275,
            -8.996103382606615,
            -8.996103382609345,
            -8.996103382608073,
            -8.996103382607336
        ],
        "fft_coarse_grid": [
            30,
            30,
            30
        ],
        "fft_grid": [
            50,
            50,
            50
        ],
        "forces": [
            [
                2.7274707026708506e-16,
                2.9575496321148836e-16,
                1.9430533429375615e-16
            ],
            [
                -1.1346819158200966e-15,
                -1.4601943270252298e-15,
                -2.292188658375803e-16
            ]
        ],
        "mpi_grid": [
            1,
            1
        ],
        "num_atoms": 2,
        "num_bands": 8,
        "num_fv_states": 8,
        "num_scf_iterations": 28,
        "omega": 270.011394,
        "pw_cutoff": 20.0,
        "rms_history": [
            0.016076610562460122,
            0.0018349666796345849,
            0.0005449052465275546,
            0.0001502105729107604,
            4.0204332347994547e-05,
            1.82744701355609e-05,
            9.7376222904219e-06,
            8.468927999378677e-06,
            3.9006669062347355e-06,
            3.2624523732958123e-06,
            1.9628960433358206e-06,
            1.2162984142185918e-06,
            2.9659013212547214e-07,
            1.073986539786228e-06,
            1.6783592185983236e-07,
            1.996485936742943e-07,
            7.268536319275056e-08,
            1.1423234329809656e-07,
            6.296057214803072e-08,
            6.539100961361908e-08,
            5.381614937231112e-08,
            6.016647928129925e-08,
            5.997072996962543e-08,
            5.116196106556674e-08,
            3.546038369608042e-08,
            3.311674207585664e-08,
            2.9821710857122063e-08,
            2.6495281021404738e-08,
            6.803268012379587e-09
        ],
        "scf_time": 2.758249,
        "stress": [
            [
                -0.0013451382905677583,
                -8.891209161288157e-20,
                -1.2286169409776036e-36
            ],
            [
                -8.891209161288157e-20,
                -0.0013451382905677505,
                8.891209161288176e-20
            ],
            [
                -1.2286169409776036e-36,
                8.891209161288176e-20,
                -0.0013451382905677574
            ]
        ]
    },
    "task": 0,
    "threads_per_rank": 8
}