{
    "flat": {
        "+global_timer": {
            "avg": 2.309661,
            "count": 1,
            "max": 2.309661,
            "min": 2.309661,
            "total": 2.309661
        },
        "sddk::FFT3D::FFT3D": {
            "avg": 0.00242,
            "count": 2,
            "max": 0.003602,
            "min": 0.001238,
            "total": 0.00484
        },
        "sddk::FFT3D::prepare": {
            "avg": 5.7e-05,
            "count": 1,
            "max": 5.7e-05,
            "min": 5.7e-05,
            "total": 5.7e-05
        },
        "sddk::FFT3D::prepare|cpu": {
            "avg": 5.4e-05,
            "count": 1,
            "max": 5.4e-05,
            "min": 5.4e-05,
            "total": 5.4e-05
        },
        "sddk::Gvec::find_gvec_shells": {
            "avg": 0.001412,
            "count": 2,
            "max": 0.002285,
            "min": 0.000539,
            "total": 0.002824
        },
        "sddk::Gvec::init": {
            "avg": 0.004263,
            "count": 2,
            "max": 0.007062,
            "min": 0.001464,
            "total": 0.008526
        },
        "sddk::remap_gvec_to_shells|init": {
            "avg": 0.011535,
            "count": 1,
            "max": 0.011535,
            "min": 0.011535,
            "total": 0.011535
        },
        "sirius::Atom_type::init": {
            "avg": 0.0194583333333333,
            "count": 3,
            "max": 0.024215,
            "min": 0.012046,
            "total": 0.058375
        },
        "sirius::Augmentation_operator::generate_pw_coeffs": {
            "avg": 0.176546333333333,
            "count": 3,
            "max": 0.198614,
            "min": 0.135693,
            "total": 0.529639
        },
        "sirius::K_point_set::K_point_set": {
            "avg": 0.0,
            "count": 1,
            "max": 0.0,
            "min": 0.0,
            "total": 0.0
        },
        "sirius::Radial_integrals|atomic_centered_wfc": {
            "avg": 0.166101,
            "count": 1,
            "max": 0.166101,
            "min": 0.166101,
            "total": 0.166101
        },
        "sirius::Radial_integrals|aug": {
            "avg": 0.927061,
            "count": 1,
            "max": 0.927061,
            "min": 0.927061,
            "total": 0.927061
        },
        "sirius::Radial_integrals|beta": {
            "avg": 0.2268235,
            "count": 2,
            "max": 0.237689,
            "min": 0.215958,
            "total": 0.453647
        },
        "sirius::Simulation_context::initialize": {
            "avg": 2.300118,
            "count": 1,
            "max": 2.300118,
            "min": 2.300118,
            "total": 2.300118
        },
        "sirius::Simulation_context_base::init_atoms_to_grid_idx": {
            "avg": 0.001067,
            "count": 1,
            "max": 0.001067,
            "min": 0.001067,
            "total": 0.001067
        },
        "sirius::Simulation_context_base::initialize": {
            "avg": 1.770436,
            "count": 1,
            "max": 1.770436,
            "min": 1.770436,
            "total": 1.770436
        },
        "sirius::Simulation_parameters::import": {
            "avg": 0.000219,
            "count": 1,
            "max": 0.000219,
            "min": 0.000219,
            "total": 0.000219
        },
        "sirius::Unit_cell::find_nearest_neighbours": {
            "avg": 0.000186,
            "count": 1,
            "max": 0.000186,
            "min": 0.000186,
            "total": 0.000186
        },
        "sirius::Unit_cell::get_symmetry": {
            "avg": 0.004571,
            "count": 1,
            "max": 0.004571,
            "min": 0.004571,
            "total": 0.004571
        },
        "sirius::Unit_cell::initialize": {
            "avg": 0.063168,
            "count": 1,
            "max": 0.063168,
            "min": 0.063168,
            "total": 0.063168
        },
        "sirius::Unit_cell_symmetry::Unit_cell_symmetry": {
            "avg": 0.004542,
            "count": 1,
            "max": 0.004542,
            "min": 0.004542,
            "total": 0.004542
        },
        "sirius::Unit_cell_symmetry::Unit_cell_symmetry|spg": {
            "avg": 0.004389,
            "count": 1,
            "max": 0.004389,
            "min": 0.004389,
            "total": 0.004389
        },
        "sirius::Unit_cell_symmetry::Unit_cell_symmetry|sym1": {
            "avg": 5.3e-05,
            "count": 1,
            "max": 5.3e-05,
            "min": 5.3e-05,
            "total": 5.3e-05
        },
        "sirius::Unit_cell_symmetry::Unit_cell_symmetry|sym2": {
            "avg": 7.8e-05,
            "count": 1,
            "max": 7.8e-05,
            "min": 7.8e-05,
            "total": 7.8e-05
        },
        "sirius::Unit_cell_symmetry::Unit_cell_symmetry|sym3": {
            "avg": 9e-06,
            "count": 1,
            "max": 9e-06,
            "min": 9e-06,
            "total": 9e-06
        }
    },
    "tree": {
        "+global_timer": {
            "call": {
                "sirius::K_point_set::K_point_set": {
                    "percent_of_parent": 0.0,
                    "time": 0.0
                },
                "sirius::Simulation_context::initialize": {
                    "percent_of_parent": 99.5868224817408,
                    "time": 2.300118
                },
                "sirius::Simulation_parameters::import": {
                    "percent_of_parent": 0.00948191098174148,
                    "time": 0.000219
                }
            },
            "cumulitive_time": 2.309661,
            "percent_of_global_time": 100.0,
            "self_time": 0.00932400000000033
        },
        "sirius::Simulation_context::initialize": {
            "call": {
                "sirius::Augmentation_operator::generate_pw_coeffs": {
                    "percent_of_parent": 23.0266012439362,
                    "time": 0.529639
                },
                "sirius::Simulation_context_base::initialize": {
                    "percent_of_parent": 76.9715292867583,
                    "time": 1.770436
                }
            },
            "cumulitive_time": 2.300118,
            "percent_of_global_time": 99.5868224817408,
            "self_time": 4.30000000002373e-05
        },
        "sirius::Simulation_context_base::initialize": {
            "call": {
                "sddk::FFT3D::FFT3D": {
                    "percent_of_parent": 0.273378986871031,
                    "time": 0.00484
                },
                "sddk::FFT3D::prepare": {
                    "percent_of_parent": 0.00321954591976214,
                    "time": 5.7e-05
                },
                "sddk::Gvec::init": {
                    "percent_of_parent": 0.481576289682316,
                    "time": 0.008526
                },
                "sddk::remap_gvec_to_shells|init": {
                    "percent_of_parent": 0.651534424288706,
                    "time": 0.011535
                },
                "sirius::Radial_integrals|atomic_centered_wfc": {
                    "percent_of_parent": 9.38192625997212,
                    "time": 0.166101
                },
                "sirius::Radial_integrals|aug": {
                    "percent_of_parent": 52.3634291214142,
                    "time": 0.927061
                },
                "sirius::Radial_integrals|beta": {
                    "percent_of_parent": 25.6234622431989,
                    "time": 0.453647
                },
                "sirius::Simulation_context_base::init_atoms_to_grid_idx": {
                    "percent_of_parent": 0.0602676402874772,
                    "time": 0.001067
                },
                "sirius::Unit_cell::initialize": {
                    "percent_of_parent": 3.56793467823745,
                    "time": 0.063168
                }
            },
            "cumulitive_time": 1.770436,