{
    "flat": {
        "+global_timer": {
            "avg": 100.316893,
            "count": 1,
            "max": 100.316893,
            "min": 100.316893,
            "total": 100.316893
        },
        "sirius::Simulation_parameters::import": {
            "avg": 0.000188,
            "count": 1,
            "max": 0.000188,
            "min": 0.000188,
            "total": 0.000188
        }
    },
    "tree": {
        "+global_timer": {
            "call": {
                "sirius::Simulation_parameters::import": {
                    "percent_of_parent": 0.000187406123114279,
                    "time": 0.000188
                }
            },
            "cumulitive_time": 100.316893,
            "percent_of_global_time": 100.0,
            "self_time": 100.316705
        }
    }
}