{
  "control" : {
    "verbosity" : 1
  },
  "parameters": {
    "electronic_structure_method": "pseudopotential",
    "xc_functionals": [
      "XC_LDA_X",
      "XC_LDA_C_PZ"
    ],
    "smearing_width": 0.025,
    "gk_cutoff": 6.33,
    "pw_cutoff": 17.33,
    "energy_tol": 1e-8,
    "ngridk": [ 2, 2, 2 ]
  },
  "mixer": {
    "beta": 0.95,
    "type": "anderson",
    "max_history": 8
  },
  "unit_cell": {
    "lattice_vectors": [
      [
        20.525071,
        0,
        0
      ],
      [
        0,
        20.525071,
        0
      ],
      [
        0,
        0,
        20.525071
      ]
    ],
    "atom_types": [
      "Si",
      "Ge"
    ],
    "atom_files": {
      "Si": "si_lda_v1.uspp.F.UPF.json",
      "Ge": "ge_lda_v1.4.uspp.F.UPF.json"
    },
    "atoms": {
      "Ge": [
        [
          0,
          0,
          0
        ]
      ],
      "Si": [
        [
          0,
          0,
          0.5
        ],
        [
          0,
          0.5,
          0
        ],
        [
          0,
          0.5,
          0.5
        ],
        [
          0.5,
          0,
          0
        ],
        [
          0.5,
          0,
          0.5
        ],
        [
          0.5,
          0.5,
          0
        ],
        [
          0.5,
          0.5,
          0.5
        ],
        [
          0,
          0.25,
          0.25
        ],
        [
          0,
          0.25,
          0.75
        ],
        [
          0,
          0.75,
          0.25
        ],
        [
          0,
          0.75,
          0.75
        ],
        [
          0.5,
          0.25,
          0.25
        ],
        [
          0.5,
          0.25,
          0.75
        ],
        [
          0.5,
          0.75,
          0.25
        ],
        [
          0.5,
          0.75,
          0.75
        ],
        [
          0.25,
          0,
          0.25
        ],
        [
          0.25,
          0,
          0.75
        ],
        [
          0.25,
          0.5,
          0.25
        ],
        [
          0.25,
          0.5,
          0.75
        ],
        [
          0.75,
          0,
          0.25
        ],
        [
          0.75,
          0,
          0.75
        ],
        [
          0.75,
          0.5,
          0.25
        ],
        [
          0.75,
          0.5,
          0.75
        ],
        [
          0.25,
          0.25,
          0
        ],
        [
          0.25,
          0.25,
          0.5
        ],
        [
          0.25,
          0.75,
          0
        ],
        [
          0.25,
          0.75,
          0.5
        ],
        [
          0.75,
          0.25,
          0
        ],
        [
          0.75,
          0.25,
          0.5
        ],
        [
          0.75,
          0.75,
          0
        ],
        [
          0.75,
          0.75,
          0.5
        ],
        [
          0.375,
          0.375,
          0.125
        ],
        [
          0.375,
          0.375,
          0.625
        ],
        [
          0.375,
          0.875,
          0.125
        ],
        [
          0.375,
          0.875,
          0.625
        ],
        [
          0.875,
          0.375,
          0.125
        ],
        [
          0.875,
          0.375,
          0.625
        ],
        [
          0.875,
          0.875,
          0.125
        ],
        [
          0.875,
          0.875,
          0.625
        ],
        [
          0.375,
          0.125,
          0.375
        ],
        [
          0.375,
          0.125,
          0.875
        ],
        [
          0.375,
          0.625,
          0.375
        ],
        [
          0.375,
          0.625,
          0.875
        ],
        [
          0.875,
          0.125,
          0.375
        ],
        [
          0.875,
          0.125,
          0.875
        ],
        [
          0.875,
          0.625,
          0.375
        ],
        [
          0.875,
          0.625,
          0.875
        ],
        [
          0.125,
          0.375,
          0.375
        ],
        [
          0.125,
          0.375,
          0.875
        ],
        [
          0.125,
          0.875,
          0.375
        ],
        [
          0.125,
          0.875,
          0.875
        ],
        [
          0.625,
          0.375,
          0.375
        ],
        [
          0.625,
          0.375,
          0.875
        ],
        [
          0.625,
          0.875,
          0.375
        ],
        [
          0.625,
          0.875,
          0.875
        ],
        [
          0.125,
          0.125,
          0.125
        ],
        [
          0.125,
          0.125,
          0.625
        ],
        [
          0.125,
          0.625,
          0.125
        ],
        [
          0.125,
          0.625,
          0.625
        ],
        [
          0.625,
          0.125,
          0.125
        ],
        [
          0.625,
          0.125,
          0.625
        ],
        [
          0.625,
          0.625,
          0.125
        ],
        [
          0.625,
          0.625,
          0.625
        ]
      ]
    }
  }
}
