{
    "comm_world_size": 1,
    "counters": {
        "band_evp_work_count": 6575.195555555537,
        "local_operator_num_applied": 3382
    },
    "git_hash": "0ed82be64ac67488a03fcd07b36cbcd95f7560f4",
    "ground_state": {
        "aw_cutoff": 0.0,
        "band_gap": 0.34095700525238753,
        "chemical_formula": "LiF",
        "converged": true,
        "core_leakage": 0.0,
        "efermi": 0.225,
        "energy": {
            "bxc": 0.0,
            "core_eval_sum": 0.0,
            "enuc": 0.0,
            "eval_sum": -4.415967472934901,
            "ewald": -20.484302234093192,
            "exc": -6.991339565594747,
            "kin": 16.900084870022095,
            "total": -36.67134258037486,
            "veff": -21.316052342956997,
            "vha": 17.50814734763031,
            "vloc": -30.36738120229642,
            "vxc": -8.456818488291264
        },
        "etot_history": [-37.4686007667355,-36.350112126453304,-36.65090933257137,-36.665788172739425,-36.672521105021644,-36.6713294661491,-36.67129988984035,-36.67134972214459,-36.671343669805765,-36.67134260791815,-36.67134258637716,-36.67134258037486],
        "fft_coarse_grid": [24,24,24],
        "fft_grid": [40,40,40],
        "forces": [
            [-6.06083148360527e-16,-2.536408573261345e-16,-8.646204378856404e-18],
            [8.053814218453363e-15,8.892800700870836e-15,8.602570390226514e-15]
        ],
        "mpi_grid": [1,1],
        "num_atoms": 2,
        "num_bands": 15,
        "num_fv_states": -1,
        "num_scf_iterations": 11,
        "omega": 110.0926613870496,
        "pw_cutoff": 20.0,
        "rms_history": [0.015477156400873418,0.018906105178345522,0.002793926603292574,0.00024159273347568438,3.6730262417824106e-05,4.372226932822297e-06,1.1397290648913792e-06,2.8778276239019347e-07,3.521882030013325e-08,5.695306514891039e-09,1.4332804147165057e-09,5.848460396500737e-10],
        "scf_time": 6.617609,
        "stress": [
            [0.0005414772166708426,-4.012354050806741e-35,-1.4117215787573677e-22],
            [-4.012354050806741e-35,0.0005414772166708463,-1.787592449101262e-20],
            [-1.4117215787573677e-22,-1.787592449101262e-20,0.0005414772166708586]
        ]
    },
    "task": 0,
    "threads_per_rank": 8
}