{
    "comm_world_size": 1,
    "counters": {
        "band_evp_work_count": 1254.0207407407393,
        "local_operator_num_applied": 2979
    },
    "git_hash": "2fef8d388ab621b138d31cc62675903e8da2a227",
    "ground_state": {
        "aw_cutoff": 0.0,
        "band_gap": 0.34096544573127685,
        "chemical_formula": "LiF",
        "converged": true,
        "core_leakage": 0.0,
        "efermi": 0.225,
        "energy": {
            "bxc": 0.0,
            "core_eval_sum": 0.0,
            "entropy_sum": -7.021130531513126e-17,
            "enuc": 0.0,
            "eval_sum": -4.416063654557911,
            "ewald": -20.48430223409319,
            "exc": -6.9913079542395415,
            "kin": 16.899876720956442,
            "scf_correction": -8.793641370630212e-10,
            "total": -36.67134257452466,
            "veff": -21.315940375514355,
            "vha": 17.5079465839565,
            "vloc": -30.36710803540607,
            "vxc": -8.456778924064949
        },
        "etot_history": [
            -36.648035779264134,
            -36.66400608006094,
            -36.67122135964326,
            -36.67133861469478,
            -36.67134219947884,
            -36.671342521429665,
            -36.67134256617506,
            -36.67134257303353,
            -36.67134257429166,
            -36.67134257447202,
            -36.671342574519386,
            -36.671342574525525,
            -36.67134257452294,
            -36.67134257452466
        ],
        "fft_coarse_grid": [
            24,
            24,
            24
        ],
        "fft_grid": [
            40,
            40,
            40
        ],
        "forces": [
            [
                -7.454797787031588e-17,
                -2.3728588172240924e-17,
                1.5685216279524192e-17
            ],
            [
                9.20693731480256e-15,
                9.27257827358042e-15,
                9.260266582098593e-15
            ]
        ],
        "mpi_grid": [
            1,
            1
        ],
        "num_atoms": 2,
        "num_bands": 15,
        "num_fv_states": -1,
        "num_scf_iterations": 13,
        "omega": 110.0926613870496,
        "pw_cutoff": 20.0,
        "rms_history": [
            0.015528171977167635,
            0.018874948343625644,
            0.002956625753850527,
            0.00018401952296469325,
            4.1090763022882455e-05,
            1.0381579312696836e-05,
            4.6458405113165885e-06,
            9.394892178153098e-07,
            2.697947711757205e-07,
            1.1859337724519404e-07,
            5.2714962764973196e-08,
            2.700437288494736e-08,
            1.0546534035224221e-08,
            1.5147824596097674e-09
        ],
        "scf_time": 3.286214,
        "stress": [
            [
                0.0005431295827061798,
                -4.7756200667307005e-20,
                -3.0508539502970146e-34
            ],
            [
                -4.7756200667307005e-20,
                0.0005431295827061234,
                4.775620066730768e-20
            ],
            [
                -3.0508539502970146e-34,
                4.775620066730768e-20,
                0.0005431295827061935
            ]
        ]
    },
    "task": 0,
    "threads_per_rank": 8
}