{
    "comm_world_size": 1,
    "counters": {
        "band_evp_work_count": 1650.6731481481436,
        "local_operator_num_applied": 12910
    },
    "git_hash": "2fef8d388ab621b138d31cc62675903e8da2a227",
    "ground_state": {
        "aw_cutoff": 0.0,
        "band_gap": 0.0,
        "chemical_formula": "Au",
        "converged": true,
        "core_leakage": 0.0,
        "efermi": 0.5653634343960244,
        "energy": {
            "bxc": -0.002787167209195256,
            "core_eval_sum": 0.0,
            "entropy_sum": -0.002474782502823691,
            "enuc": 0.0,
            "eval_sum": 4.85760487922775,
            "ewald": -35.97719267416724,
            "exc": -15.777622318268003,
            "kin": 8.818177067955643,
            "scf_correction": 2.1860380172711302e-10,
            "total": -42.288145689997016,
            "veff": -3.9577850215186974,
            "vha": 7.5653944357841905,
            "vloc": -3.1317302011252277,
            "vxc": -8.391449256177593
        },
        "etot_history": [
            -42.277475118678296,
            -42.283448878267635,
            -42.28799436172352,
            -42.28809446413839,
            -42.28814591126796,
            -42.2881359466216,
            -42.28813584996505,
            -42.288149122715154,
            -42.28814796335437,
            -42.288146610905606,
            -42.288145678668464,
            -42.28814567017572,
            -42.28814564679347,
            -42.2881456645162,
            -42.2881456874018,
            -42.28814568937884,
            -42.28814568994024,
            -42.288145689947,
            -42.288145689995204,
            -42.28814568993624,
            -42.288145689910515,
            -42.28814568990909,
            -42.28814568990319,
            -42.28814568990567,
            -42.28814568991109,
            -42.28814568991135,
            -42.28814568991021,
            -42.28814568990327,
            -42.28814568990115,
            -42.28814568988026,
            -42.288145689945594,
            -42.28814568990107,
            -42.28814568991328,
            -42.288145689956345,
            -42.28814569003257,
            -42.28814568998771,
            -42.288145689997016
        ],
        "fft_coarse_grid": [
            32,
            32,
            32
        ],
        "fft_grid": [
            48,
            48,
            48
        ],
        "mpi_grid": [
            1,
            1
        ],
        "num_atoms": 1,
        "num_bands": 30,
        "num_fv_states": -1,
        "num_scf_iterations": 36,
        "omega": 114.57850275,
        "pw_cutoff": 26.4575,
        "rms_history": [
            0.0178895417039685,
            0.01064414671611222,
            0.003431556118950417,
            0.0011229302039867891,
            0.00019734095596353409,
            0.00025665898795585514,
            0.0002448510513670472,
            6.561804932387565e-05,
            0.00012165399997102795,
            3.4831019851380575e-05,
            1.878303376647893e-05,
            3.3306831470941144e-06,
            1.3459473107376772e-06,
            4.761759034020752e-07,
            5.96390829390068e-07,
            4.1992240279048295e-08,
            2.536506075087462e-08,
            1.0115274442257871e-08,
            4.737746215504314e-09,
            1.9551369644285356e-09,
            6.904655213442973e-10,
            5.017445439584736e-10,
            9.324484703612559e-10,
            1.0757471102035045e-09,
            1.546163750396254e-09,
            1.5164043855926795e-09,
            2.2287602362218756e-09,
            2.4767157382008244e-09,
            2.4517857172504035e-09,
            2.4198339000671194e-09,
            2.7875137818489488e-09,
            2.48831815442129e-09,
            1.978421271459509e-09,
            1.987288328498002e-09,
            1.8337020347445135e-09,
            3.9862169686174235e-10,
            3.18537374803397e-11
        ],
        "scf_time": 56.910885
    },
    "task": 0,
    "threads_per_rank": 8
}