{
    "comm_world_size": 1,
    "counters": {
        "band_evp_work_count": 17172.447370370377,
        "local_operator_num_applied": 12233
    },
    "git_hash": "732b62eafae5324b2aa2577cb4221223a22d479b",
    "ground_state": {
        "aw_cutoff": 0.0,
        "band_gap": 0.0,
        "chemical_formula": "Au",
        "converged": true,
        "core_leakage": 0.0,
        "efermi": 0.5653634249655286,
        "energy": {
            "bxc": -0.002787171621743541,
            "core_eval_sum": 0.0,
            "enuc": 0.0,
            "eval_sum": 4.857604716260857,
            "ewald": -35.977192674166105,
            "exc": -15.777622226346487,
            "kin": 8.818177057769544,
            "total": -42.28567090764918,
            "veff": -3.9577851698869426,
            "vha": 7.5653941404971015,
            "vloc": -3.1317301351547595,
            "vxc": -8.391449175229369
        },
        "etot_history": [-41.80101715525787,-42.54183428855479,-42.219205290412596,-42.30865550472133,-42.285205882577316,-42.28613598017208,-42.285416690978366,-42.28569883738096,-42.285672308730895,-42.28567060161811,-42.28567090198827,-42.28567091904921,-42.285670906968164,-42.28567090772827,-42.28567090764918],
        "fft_coarse_grid": [32,32,32],
        "fft_grid": [48,48,48],
        "mpi_grid": [1,1],
        "num_atoms": 1,
        "num_bands": 30,
        "num_fv_states": -1,
        "num_scf_iterations": 14,
        "omega": 114.57850275,
        "pw_cutoff": 26.4575,
        "rms_history": [0.01784277133963583,0.010650425750715694,0.003441162962862378,0.0012957325472151228,0.00015046649472116207,3.5935213287497934e-05,1.4148654965460647e-05,1.958104981078778e-06,2.1995298586659632e-07,5.432396840730351e-08,1.7735350673065415e-08,1.8416253298703825e-09,5.469385148118473e-10,1.0745387137025073e-10,2.5294399941216475e-11],
        "scf_time": 24.09504699
    },
    "task": 0,
    "threads_per_rank": 4
}