{
    "comm_world_size": 1,
    "counters": {
        "band_evp_work_count": 1752.8820163289208,
        "local_operator_num_applied": 13299
    },
    "git_hash": "2fef8d388ab621b138d31cc62675903e8da2a227",
    "ground_state": {
        "aw_cutoff": 0.0,
        "band_gap": 0.0,
        "chemical_formula": "Au",
        "converged": true,
        "core_leakage": 0.0,
        "efermi": 0.7439106809940358,
        "energy": {
            "bxc": -0.0016892965254508311,
            "core_eval_sum": 0.0,
            "entropy_sum": -0.0025173076569753837,
            "enuc": 0.0,
            "eval_sum": -7.765882117902168,
            "ewald": -107.33691365734259,
            "exc": -24.931046837669633,
            "kin": 44.35061753515344,
            "scf_correction": -2.42422970586631e-10,
            "total": -146.56932061157994,
            "veff": -52.11481035653016,
            "vha": 50.002815865478,
            "vloc": -83.65086827656104,
            "vxc": -18.466757945447373
        },
        "etot_history": [
            -146.4128214645936,
            -146.53775020567332,
            -146.56666581402942,
            -146.5685108559527,
            -146.5692812975517,
            -146.569317956588,
            -146.56932033860429,
            -146.56932056639562,
            -146.5693205799319,
            -146.56932059032428,
            -146.56932059430468,
            -146.5693205954451,
            -146.56932060637456,
            -146.56932061139725,
            -146.56932061139338,
            -146.56932061150275,
            -146.56932061150707,
            -146.56932061156198,
            -146.56932061157607,
            -146.56932061155428,
            -146.56932061157158,
            -146.56932061157096,
            -146.56932061157394,
            -146.5693206115827,
            -146.56932061157661,
            -146.5693206115684,
            -146.56932061157994
        ],
        "fft_coarse_grid": [
            20,
            20,
            20
        ],
        "fft_grid": [
            40,
            40,
            40
        ],
        "mpi_grid": [
            1,
            1
        ],
        "num_atoms": 1,
        "num_bands": 38,
        "num_fv_states": -1,
        "num_scf_iterations": 26,
        "omega": 114.57850275,
        "pw_cutoff": 20.0,
        "rms_history": [
            0.041153697110291515,
            0.03058028452842682,
            0.007338138839698922,
            0.005118814517676614,
            0.0007877709052722941,
            0.00018918582807787835,
            6.611702678072957e-05,
            1.3200532145098474e-05,
            4.366262210281882e-06,
            1.7184184750700506e-06,
            4.111225129639893e-07,
            1.559945863361404e-07,
            3.270246949572043e-07,
            3.694614657505537e-07,
            3.671376651905016e-07,
            4.158366185993333e-07,
            3.604783756604487e-07,
            2.721291309068267e-07,
            2.362533185252223e-07,
            2.6439723623835326e-07,
            4.1677345151932126e-07,
            9.169443546491681e-08,
            6.175204144800275e-08,
            7.2212247221349366e-09,
            2.654336337822663e-09,
            2.3824989923011286e-10,
            5.5522944778358706e-11
        ],
        "scf_time": 32.930164
    },
    "task": 0,
    "threads_per_rank": 8
}