{
    "comm_world_size": 1,
    "counters": {
        "band_evp_work_count": 17107.59199591778,
        "local_operator_num_applied": 19319
    },
    "git_hash": "732b62eafae5324b2aa2577cb4221223a22d479b",
    "ground_state": {
        "aw_cutoff": 0.0,
        "band_gap": 0.0,
        "chemical_formula": "Au",
        "converged": true,
        "core_leakage": 0.0,
        "efermi": 0.7439107144007348,
        "energy": {
            "bxc": -0.0016892983974646947,
            "core_eval_sum": 0.0,
            "enuc": 0.0,
            "eval_sum": -7.76588077966203,
            "ewald": -107.33691365734148,
            "exc": -24.93104715834197,
            "kin": 44.350619777718066,
            "total": -146.5668033051363,
            "veff": -52.11481125898263,
            "vha": 50.00281855596313,
            "vloc": -83.65087154515314,
            "vxc": -18.466758269793296
        },
        "etot_history": [-142.97279432478453,-148.50254684007135,-147.01915566580692,-146.3099568989958,-146.52218476389498,-146.57520808422646,-146.56446949914672,-146.56714625432798,-146.56677150670112,-146.56678790972995,-146.56681594164658,-146.56680281558627,-146.56680374356108,-146.56680329427581,-146.56680331581222,-146.566803302015,-146.5668033060736,-146.56680330507908,-146.5668033051363],
        "fft_coarse_grid": [20,20,20],
        "fft_grid": [40,40,40],
        "mpi_grid": [1,1],
        "num_atoms": 1,
        "num_bands": 38,
        "num_fv_states": -1,
        "num_scf_iterations": 18,
        "omega": 114.57850275,
        "pw_cutoff": 20.0,
        "rms_history": [0.04119088700570217,0.03067082334686042,0.007614019643238737,0.005207153596409998,0.0009617528904371376,0.0001641736528839065,5.178784910307727e-05,8.069349981160101e-06,9.737873864812063e-07,1.5771676040212072e-07,2.7500095588984965e-07,2.928748031920632e-08,9.708115438384711e-09,7.601931323734476e-10,2.3819306960191494e-10,5.96363150205699e-11,1.982453751991839e-11,1.2831483438149108e-12,1.4937796108451096e-13],
        "scf_time": 12.58942157
    },
    "task": 0,
    "threads_per_rank": 4
}