{
    "comm_world_size": 1,
    "counters": {
        "band_evp_work_count": 50847.02668027412,
        "local_operator_num_applied": 28882
    },
    "git_hash": "732b62eafae5324b2aa2577cb4221223a22d479b",
    "ground_state": {
        "aw_cutoff": 0.0,
        "band_gap": 0.0,
        "chemical_formula": "Ni",
        "converged": true,
        "core_leakage": 0.0,
        "efermi": 0.6507186691534959,
        "energy": {
            "bxc": -1.6648857209212143e-12,
            "core_eval_sum": 0.0,
            "enuc": 0.0,
            "eval_sum": -10.73891319447358,
            "ewald": -111.75579556096358,
            "exc": -17.568656562549776,
            "kin": 48.68826994829074,
            "total": -171.45552526771257,
            "veff": -59.42718314276266,
            "vha": 107.02054722787277,
            "vloc": -144.3296167064322,
            "vxc": -22.11811366420908
        },
        "etot_history": [-129.56469607420112,-208.68494442791211,-180.80274020663768,-171.30997829641757,-173.12524773217982,-171.34664119418332,-171.1157009059176,-171.5190534627796,-171.45972286116393,-171.45588213893433,-171.47056210115863,-171.4899058078612,-171.45418901115886,-171.45472165238067,-171.4554600130484,-171.45550687920792,-171.4555196860158,-171.45552308222852,-171.4555258843086,-171.45552546884647,-171.45552563255546,-171.45552534886178,-171.4555246693409,-171.4555252420823,-171.45552526771257],
        "fft_coarse_grid": [27,27,27],
        "fft_grid": [48,48,48],
        "forces": [
            [1.2188818894398153e-14,-4.805005321723486e-16,-8.49912495966906e-15]
        ],
        "mpi_grid": [1,1],
        "num_atoms": 1,
        "num_bands": 19,
        "num_fv_states": -1,
        "num_scf_iterations": 24,
        "omega": 73.39284359469754,
        "pw_cutoff": 30.0,
        "rms_history": [0.40062043036652306,0.6498070403246214,0.22476173210661682,0.03072213937374026,0.039774568364343794,0.009601415842878437,0.006583661911348783,0.003663727684773001,0.0015822421045402148,0.0014450224439941201,0.0014350814728188307,0.0009841324340518144,6.872976055283565e-05,2.8171641141224077e-05,2.789603073947962e-06,8.470952421516905e-07,2.3499266266678662e-07,9.660571097977408e-08,4.0143491105994545e-08,3.7126626029111125e-08,4.753370329677898e-08,6.454974501715663e-08,6.78046860648387e-08,2.2687094313745087e-08,1.6569642712999185e-08],
        "scf_time": 15.411687023,
        "stress": [
            [-0.0009176182898028781,2.278424034692297e-19,4.1113375924045485e-34],
            [2.278424034692297e-19,-0.0009176182898021912,-2.5042994872933576e-19],
            [4.1113375924045485e-34,-2.5042994872933576e-19,-0.0009176182898029336]
        ]
    },
    "task": 0,
    "threads_per_rank": 4
}