{
    "comm_world_size": 1,
    "counters": {
        "band_evp_work_count": 4750.311561452106,
        "local_operator_num_applied": 12093
    },
    "git_hash": "2fef8d388ab621b138d31cc62675903e8da2a227",
    "ground_state": {
        "aw_cutoff": 0.0,
        "band_gap": 0.0,
        "chemical_formula": "Ni",
        "converged": true,
        "core_leakage": 0.0,
        "efermi": 0.6570043365890493,
        "energy": {
            "bxc": -0.001608225586567184,
            "core_eval_sum": 0.0,
            "entropy_sum": -0.008452987582960887,
            "enuc": 0.0,
            "eval_sum": -10.646401992746638,
            "ewald": -111.755795560964,
            "exc": -17.777744425205793,
            "kin": 48.80589092985898,
            "scf_correction": -2.3792694747726273e-07,
            "total": -171.64482090036066,
            "veff": -59.45068469701906,
            "vha": 107.46787422185757,
            "vloc": -144.64265572948472,
            "vxc": -22.275903189407884
        },
        "etot_history": [
            -164.94037598068496,
            -170.77416554241069,
            -171.57675271804874,
            -171.63954854697732,
            -171.6358348988643,
            -171.64487906992,
            -171.64475955511134,
            -171.64482119141428,
            -171.64482074545745,
            -171.6448204011611,
            -171.64482073965783,
            -171.64482069834278,
            -171.64482027564034,
            -171.6448208974096,
            -171.64482089991898,
            -171.64482090006223,
            -171.64482090031152,
            -171.64482090036066
        ],
        "fft_coarse_grid": [
            27,
            27,
            27
        ],
        "fft_grid": [
            48,
            48,
            48
        ],
        "forces": [
            [
                7.664721294084006e-14,
                7.853742709236159e-14,
                7.911730971726219e-14
            ]
        ],
        "mpi_grid": [
            1,
            1
        ],
        "num_atoms": 1,
        "num_bands": 19,
        "num_fv_states": -1,
        "num_scf_iterations": 17,
        "omega": 73.39284359469754,
        "pw_cutoff": 30.0,
        "rms_history": [
            0.3975541816426674,
            0.3486841712284566,
            0.059742385545886775,
            0.014657043346541464,
            0.02463858406581422,
            0.0011116961907716109,
            0.0017984003136039366,
            0.0001774464305983265,
            0.00015052643917775864,
            9.501893509157888e-05,
            0.00017171489435333627,
            9.41419390220091e-05,
            3.730605345206686e-05,
            3.7388537118302767e-06,
            2.591671721512296e-06,
            6.787590067877411e-07,
            3.57321118098139e-07,
            3.4828825002635266e-08
        ],
        "scf_time": 13.082314,
        "stress": [
            [
                -0.003031868539747379,
                1.2122282292971637e-19,
                2.590051156030611e-34
            ],
            [
                1.2122282292971637e-19,
                -0.003031868539746921,
                -1.4381036818982707e-19
            ],
            [
                2.590051156030611e-34,
                -1.4381036818982707e-19,
                -0.003031868539747351
            ]
        ]
    },
    "task": 0,
    "threads_per_rank": 8
}