{
    "comm_world_size": 1,
    "counters": {
        "band_evp_work_count": 48804.307479224495,
        "local_operator_num_applied": 24678
    },
    "git_hash": "d5e82e79d13611b1a36a4d9e810bca2bc1489c8c",
    "ground_state": {
        "aw_cutoff": 0.0,
        "band_gap": 0.0,
        "chemical_formula": "Ni",
        "converged": true,
        "core_leakage": 0.0,
        "efermi": 0.657004334200508,
        "energy": {
            "bxc": -0.0016081715620759251,
            "core_eval_sum": 0.0,
            "enuc": 0.0,
            "eval_sum": -10.646402035793624,
            "ewald": -111.75579556096392,
            "exc": -17.777744416646733,
            "kin": 48.805890730581716,
            "total": -171.63636792917106,
            "veff": -59.45068459481326,
            "vha": 107.46787463297474,
            "vloc": -144.64265599863273,
            "vxc": -22.275903229158505
        },
        "etot_history": [-147.0424424668957,-185.58856069835423,-173.85547971996954,-170.7918578850277,-172.35868454174567,-171.65786549436044,-171.5704514914794,-171.6341984443855,-171.64667717313506,-171.6341805769824,-171.63633050563683,-171.63379290053868,-171.6362734062658,-171.6363877365459,-171.63637196683536,-171.63636770845267,-171.63636803918007,-171.6363678850071,-171.63636792917106],
        "fft_coarse_grid": [27,27,27],
        "fft_grid": [48,48,48],
        "forces": [
            [-1.1556885901665538e-14,-1.0649510714151554e-14,-1.1488268673380892e-14]
        ],
        "mpi_grid": [1,1],
        "num_atoms": 1,
        "num_bands": 19,
        "num_fv_states": -1,
        "num_scf_iterations": 18,
        "omega": 73.39284359469754,
        "pw_cutoff": 30.0,
        "rms_history": [0.39757543553651925,0.34871440914573343,0.05977845276784148,0.014663514016468999,0.024471778152135894,0.0011352684341045763,0.001772494587588171,0.00011175766175926382,0.00018046498751797858,0.0001508033261267005,8.602785166244313e-05,8.438741039392193e-05,3.282436399691338e-06,2.6464525961584045e-06,5.487584970637053e-07,4.128388075354813e-08,1.8870959744044247e-08,6.09542157157828e-09,5.193751593250492e-09],
        "scf_time": 37.187154,
        "stress": [
            [-0.003031911846297551,-7.723781547802976e-35,-3.1622563364160614e-20],
            [-7.723781547802976e-35,-0.0030319118462975234,1.0842021724855038e-19],
            [-3.1622563364160614e-20,1.0842021724855038e-19,-0.003031911846296975]
        ]
    },
    "task": 0,
    "threads_per_rank": 8
}