{
    "build_date": "Fri, 17 Feb 2017 13:29:07",
    "comm_world_size": 1,
    "git_hash": "1b155e6d1aba6e4e81bb6b06e73c0f90b04896a8",
    "ground_state": {
        "aw_cutoff": 8,
        "band_gap": 0.0348822055105151,
        "chemical_formula": "Ni2O2",
        "core_leakage": 9.19057534667472e-09,
        "efermi": 0.279724112602533,
        "energy": {
            "bxc": -0.067032463029312,
            "core_eval_sum": -1781.87103755241,
            "enuc": -3846.71541441684,
            "eval_sum": -1817.56509392109,
            "ewald": 0.0,
            "exc": -138.380609375023,
            "kin": 3232.12903274265,
            "total": -3186.27944771046,
            "veff": -5049.62709420071,
            "vha": -4866.62491332249,
            "vxc": -183.002184065979
        },
        "fft_grid": [
            64,
            64,
            64
        ],
        "mpi_grid": [
            1,
            1
        ],
        "num_atoms": 4,
        "num_bands": 120,
        "num_fv_states": 60,
        "omega": 245.918806141068,
        "pw_cutoff": 20
    },
    "task": 0,
    "threads_per_rank": 8,
    "timers": {
        "sddk::BLACS_grid::BLACS_grid": [
            0.000888,
            0.000888,
            0.000888,
            0.000888
        ],
        "sddk::FFT3D::FFT3D": [
            0.010568,
            0.005284,
            0.001958,
            0.00861
        ],
        "sddk::FFT3D::prepare": [
            0.034099,
            9.1911051212938e-05,
            2.9e-05,
            0.001122
        ],
        "sddk::FFT3D::transform": [
            8.2470299999999,
            0.000315651624755996,
            0.000206,
            0.007682
        ],
        "sddk::FFT3D::transform_xy": [
            5.04838899999995,
            0.000193224977992114,
            0.000117,
            0.005135
        ],
        "sddk::FFT3D::transform_z": [
            3.07155299999995,
            0.000117562406705705,
            6.5e-05,
            0.004074
        ],
        "sddk::FFT3D::transform_z_serial": [
            3.00430199999996,
            0.000114988402801698,
            5.8e-05,
            0.00407
        ],
        "sddk::Gvec::init": [
            0.009819,
            0.0016365,
            0.000127,
            0.008575
        ],
        "sddk::MPI_grid::MPI_grid": [
            0.001747,
            0.0008735,
            0.000229,
            0.001518
        ],
        "sddk::MPI_grid::initialize": [
            0.001744,
            0.000872,
            0.000228,
            0.001516
        ],
        "sddk::matrix_storage::matrix_storage": [
            0.0296560000000001,
            4.75256410256411e-05,
            1e-05,
            0.000286
        ],
        "sddk::matrix_storage::remap_backward": [
            0.000135,
            9.1216216216216e-07,
            0.0,
            2e-06
        ],
        "sddk::matrix_storage::remap_forward": [
            0.000779000000000004,
            1.75450450450451e-06,
            0.0,
            1.8e-05
        ],
        "sddk::matrix_storage::remap_from": [
            0.042065,
            0.000142111486486487,
            2e-05,
            0.000928
        ],
        "sddk::wave_functions::inner": [
            1.59972,
            0.00540445945945946,
            0.004497,
            0.040382
        ],
        "sddk::wave_functions::transform": [
            1.570743,
            0.00530656418918919,
            0.00427,
            0.018131
        ],
        "sddk::wave_functions::transform|init": [
            0.02746,
            9.27702702702702e-05,
            7.4e-05,
            0.000304
        ],
        "sirius::Atom::generate_radial_integrals": [
            17.092628,
            0.11549072972973,
            0.083036,
            0.238889
        ],
        "sirius::Atom::generate_radial_integrals|inner": [
            13.323764,
            0.0900254324324325,
            0.06417,
            0.209238
        ],
        "sirius::Atom::generate_radial_integrals|interp": [
            1.869387,
            0.0126309932432432,
            0.009751,
            0.020921
        ],
        "sirius::Atom_symmetry_class::find_enu": [
            2.549105,
            0.0344473648648649,
            0.020399,
            0.060807
        ],
        "sirius::Atom_symmetry_class::generate_core_charge_density": [
            0.730955,
            0.00987777027027027,
            0.005725,
            0.01595
        ],
        "sirius::Atom_symmetry_class::generate_radial_functions": [
            2.788943,
            0.0376884189189189,
            0.023592,
            0.067197
        ],
        "sirius::Atom_symmetry_class::generate_radial_integrals": [
            0.172815,
            0.00233533783783784,
            0.001523,
            0.009433
        ],
        "sirius::Atom_type::init": [
            0.009949,
            0.0049745,
            0.003228,
            0.006721
        ],
        "sirius::Band::Band": [
            0.307113,
            0.307113,
            0.307113,
            0.307113
        ],
        "sirius::Band::apply_magnetic_field": [
            7.596136,
            0.0513252432432432,
            0.041974,
            0.091544
        ],
        "sirius::Band::diag_fv_full_potential_exact": [
            56.840401,
            0.384056763513514,
            0.288423,
            0.544962
        ],
        "sirius::Band::diag_fv_full_potential|genevp": [
            18.646909,
            0.125992628378378,
            0.097444,
            0.243789
        ],
        "sirius::Band::set_fv_h_o": [
            38.048646,
            0.257085445945946,
            0.187985,
            0.415547
        ],
        "sirius::Band::set_fv_h_o_it": [
            0.09858,
            0.000666081081081081,
            0.000479,
            0.001322
        ],
        "sirius::Band::set_fv_h_o_lo_lo": [
            0.011443,
            7.73175675675676e-05,
            3.9e-05,
            0.000171
        ],
        "sirius::Band::set_fv_h_o|zgemm": [
            35.415693,
            0.239295222972973,
            0.175362,
            0.390727
        ],
        "sirius::Band::solve_for_kset": [
            91.347639,
            2.46885510810811,
            2.134028,
            2.849283
        ],
        "sirius::Band::solve_sv": [
            9.619627,
            0.0649974797297297,
            0.053921,
            0.128726
        ],
        "sirius::Band::solve_sv|stdevp": [
            0.384781,
            0.00129993581081081,
            0.001006,
            0.019744
        ],
        "sirius::Broyden2::mix": [
            4.527049,
            0.122352675675676,
            0.002892,
            0.159434
        ],
        "sirius::DFT_ground_state::scf_loop": [
            185.276912,
            185.276912,
            185.276912,
            185.276912
        ],
        "sirius::DFT_ground_state::scf_loop|iteration": [
            185.216937,
            5.00586316216216,
            4.284222,
            5.520741
        ],
        "sirius::DFT_ground_state::symmetrize": [
            60.662633,
            0.819765310810811,
            0.715126,
            0.947191
        ],
        "sirius::Density::add_k_point_contribution_dm": [
            1.451459,
            0.0098071554054054,
            0.007323,
            0.042376
        ],
        "sirius::Density::add_k_point_contribution_rg": [
            2.976665,
            0.0201126013513513,
            0.015329,
            0.105986
        ],
        "sirius::Density::generate": [
            10.657859,
            0.288050243243243,
            0.237001,
            0.438846
        ],
        "sirius::Density::generate_core_charge_density": [
            0.731391,
            0.0197673243243243,
            0.01784,
            0.023258
        ],