{
    "control" : {
        "cyclic_block_size" : 32,
        "processing_unit" : "cpu",
        "std_evp_solver_type" : "lapack",
        "gen_evp_solver_type" : "lapack",
        "fft_mode" : "serial"
    },
    
    "parameters" : {
        "electronic_structure_method" : "ultrasoft_pseudopotential",
    
        "xc_functionals" : ["XC_LDA_X", "XC_LDA_C_PZ"],

        "smearing_width" : 0.025,
        
        "use_symmetry" : 1,
        
        "num_mag_dims" : 0,
        
        "gk_cutoff" : 6.33,
        "pw_cutoff" : 17.33,
        
        "energy_tol" : 1e-10,
        
        "num_dft_iter" : 100,
        
        "ngridk" : [2, 2, 2]
    },

    "mixer" : {
        "beta" : 0.95,
        "type" : "broyden1",
        "max_history" : 8
    },

    "iterative_solver" : {
        "energy_tolerance" : 1e-2,
        "residual_tolerance" : 1e-6,
        "num_steps" : 12,
        "subspace_size" : 4,
        "type" : "davidson",
        "converge_by_energy" : 1
    },
    
    "unit_cell" : {
        "lattice_vectors" : [
            [20.525071, 0.0, 0.0],
            [0.0, 20.525071, 0.0],
            [0.0, 0.0, 20.525071]
        ],
        "atom_types" : [
            "Si", "Ge"
        ],
        "atom_files" : {
            "Si" : "si_lda_v1.uspp.F.UPF.json",
            "Ge" : "ge_lda_v1.4.uspp.F.UPF.json"
        },
        "atoms" : {
            "Ge" : [
                [0, 0, 0]
            ],
            "Si" : [
                [0.0, 0.0, 0.50],
                [0.0, 0.50, 0.0],
                [0.0, 0.50, 0.50],
                [0.50, 0.0, 0.0],
                [0.50, 0.0, 0.50],
                [0.50, 0.50, 0.0],
                [0.50, 0.50, 0.50],
                [0.0, 0.250, 0.250],
                [0.0, 0.250, 0.750],
                [0.0, 0.750, 0.250],
                [0.0, 0.750, 0.750],
                [0.50, 0.250, 0.250],
                [0.50, 0.250, 0.750],
                [0.50, 0.750, 0.250],
                [0.50, 0.750, 0.750],
                [0.250, 0.0, 0.250],
                [0.250, 0.0, 0.750],
                [0.250, 0.50, 0.250],
                [0.250, 0.50, 0.750],
                [0.750, 0.0, 0.250],
                [0.750, 0.0, 0.750],
                [0.750, 0.50, 0.250],
                [0.750, 0.50, 0.750],
                [0.250, 0.250, 0.0],
                [0.250, 0.250, 0.50],
                [0.250, 0.750, 0.0],
                [0.250, 0.750, 0.50],
                [0.750, 0.250, 0.0],
                [0.750, 0.250, 0.50],
                [0.750, 0.750, 0.0],
                [0.750, 0.750, 0.50],
                [0.3750, 0.3750, 0.1250],
                [0.3750, 0.3750, 0.6250],
                [0.3750, 0.8750, 0.1250],
                [0.3750, 0.8750, 0.6250],
                [0.8750, 0.3750, 0.1250],
                [0.8750, 0.3750, 0.6250],
                [0.8750, 0.8750, 0.1250],
                [0.8750, 0.8750, 0.6250],
                [0.3750, 0.1250, 0.3750],
                [0.3750, 0.1250, 0.8750],
                [0.3750, 0.6250, 0.3750],
                [0.3750, 0.6250, 0.8750],
                [0.8750, 0.1250, 0.3750],
                [0.8750, 0.1250, 0.8750],
                [0.8750, 0.6250, 0.3750],
                [0.8750, 0.6250, 0.8750],
                [0.1250, 0.3750, 0.3750],
                [0.1250, 0.3750, 0.8750],
                [0.1250, 0.8750, 0.3750],
                [0.1250, 0.8750, 0.8750],
                [0.6250, 0.3750, 0.3750],
                [0.6250, 0.3750, 0.8750],
                [0.6250, 0.8750, 0.3750],
                [0.6250, 0.8750, 0.8750],
                [0.1250, 0.1250, 0.1250],
                [0.1250, 0.1250, 0.6250],
                [0.1250, 0.6250, 0.1250],
                [0.1250, 0.6250, 0.6250],
                [0.6250, 0.1250, 0.1250],
                [0.6250, 0.1250, 0.6250],
                [0.6250, 0.6250, 0.1250],
                [0.6250, 0.6250, 0.6250]
            ]
        }
    }
}
