{
    "build_date": "Tue, 25 Jul 2017 17:22:21",
    "comm_world_size": 1,
    "git_hash": "dfb27823de4acda3a5a316942b4e17a9ef004ef5",
    "ground_state": {
        "aw_cutoff": 8.0,
        "band_gap": 0.559465520140866,
        "chemical_formula": "He",
        "core_leakage": 0.0,
        "efermi": -0.3103515625,
        "energy": {
            "bxc": 0.0,
            "core_eval_sum": 0.0,
            "enuc": -3.30969554372091,
            "eval_sum": -1.14450714970432,
            "ewald": 0.0,
            "exc": -0.972276388358737,
            "kin": 2.76415215350424,
            "total": -2.83510782747213,
            "veff": -3.90865930320856,
            "vha": -2.63457609779345,
            "vxc": -1.27408323773068
        },
        "fft_grid": [64,64,64],
        "mpi_grid": [1,1],
        "num_atoms": 1,
        "num_bands": 10,
        "num_fv_states": 10,
        "omega": 1000.0,
        "pw_cutoff": 20.0
    },
    "task": 0,
    "threads_per_rank": 8,
    "timers": {
        "sddk::FFT3D::FFT3D": [0.006187,0.0030935,0.002587,0.0036],
        "sddk::FFT3D::prepare": [0.007827,0.000118590909090909,4.1e-05,0.000236],
        "sddk::FFT3D::prepare|cpu": [0.007366,0.000111606060606061,3.8e-05,0.00023],
        "sddk::FFT3D::transform": [0.892952,0.000344237471087124,0.000251,0.003748],
        "sddk::FFT3D::transform_xy": [0.520883999999998,0.000200803392444101,0.000145,0.001774],
        "sddk::FFT3D::transform_z": [0.353628000000001,0.000136325366229761,9e-05,0.00089],
        "sddk::FFT3D::transform_z_serial": [0.343815,0.000132542405551272,8.6e-05,0.000881],
        "sddk::Gvec::find_gvec_shells": [0.013692,0.004564,0.000134,0.012756],
        "sddk::Gvec::init": [0.026763,0.008921,0.00032,0.024754],
        "sddk::matrix_storage::matrix_storage": [0.006351,5.33697478991597e-05,0.0,0.000355],
        "sddk::matrix_storage::remap_backward": [2.8e-05,3.83561643835617e-07,0.0,2e-06],
        "sddk::matrix_storage::remap_forward": [0.000126,2.47058823529412e-06,1e-06,1.1e-05],
        "sddk::wave_functions::inner": [0.03802,0.000322203389830508,2e-06,0.00108],
        "sddk::wave_functions::orthogonalize": [0.058036,0.001319,7.8e-05,0.004143],
        "sddk::wave_functions::transform": [0.075629,0.000889752941176471,3.7e-05,0.002642],
        "sddk::wave_functions::transform|init": [0.001526,1.79529411764706e-05,0.0,3.6e-05],
        "sirius::Atom::generate_radial_integrals": [0.529812,0.0756874285714286,0.070078,0.084913],
        "sirius::Atom::generate_radial_integrals|inner": [0.424064,0.0605805714285714,0.058143,0.062223],
        "sirius::Atom::generate_radial_integrals|interp": [0.063321,0.00904585714285714,0.00622,0.017064],
        "sirius::Atom_symmetry_class::find_enu": [0.068565,0.009795,0.009194,0.010579],
        "sirius::Atom_symmetry_class::generate_core_charge_density": [5e-06,7.14285714285714e-07,0.0,1e-06],
        "sirius::Atom_symmetry_class::generate_radial_functions": [0.091313,0.0130447142857143,0.012449,0.013954],
        "sirius::Atom_symmetry_class::generate_radial_integrals": [0.012381,0.00176871428571429,0.001618,0.001856],
        "sirius::Atom_type::init": [0.001625,0.001625,0.001625,0.001625],
        "sirius::Band::Band": [0.36639,0.36639,0.36639,0.36639],
        "sirius::Band::apply_fv_h_o": [2.423475,0.0835681034482759,0.043447,0.141592],
        "sirius::Band::apply_fv_h_o|apw-apw": [0.323237,0.0111461034482759,0.002583,0.02824],
        "sirius::Band::apply_fv_h_o|apw-lo": [0.017665,0.000609137931034483,0.000526,0.000771],
        "sirius::Band::apply_fv_h_o|lo-apw": [0.000702,2.42068965517241e-05,9e-06,4.8e-05],
        "sirius::Band::apply_fv_o": [0.217069,0.0144712666666667,0.004719,0.024378],
        "sirius::Band::apply_fv_o|apw-apw": [0.08568,0.005712,0.002024,0.007993],
        "sirius::Band::diag_fv_full_potential_davidson": [3.212342,0.458906,0.191152,0.921306],
        "sirius::Band::diag_fv_full_potential_davidson|update_phi": [0.006356,0.000454,0.000171,0.00126],
        "sirius::Band::get_singular_components": [0.297802,0.0425431428571428,0.02244,0.137506],
        "sirius::Band::residuals": [0.066816,0.00162965853658537,0.000816,0.003064],
        "sirius::Band::residuals_aux": [0.023208,0.000566048780487805,0.000365,0.000777],
        "sirius::Band::set_subspace_mtrx": [0.030803,0.000700068181818182,0.000226,0.001396],
        "sirius::Band::solve_for_kset": [3.939222,0.562746,0.293,1.035953],
        "sirius::Band::solve_sv": [3e-06,4.28571428571429e-07,0.0,1e-06],
        "sirius::Broyden1::mix": [0.049256,0.00703657142857143,0.001432,0.014697],
        "sirius::DFT_ground_state::scf_loop": [13.770837,13.770837,13.770837,13.770837],
        "sirius::DFT_ground_state::scf_loop|iteration": [13.757044,1.965292,1.66169,2.404319],
        "sirius::DFT_ground_state::symmetrize": [6.698797,0.4784855,0.421849,0.563441],
        "sirius::Density::add_k_point_contribution_dm": [0.000448,6.4e-05,5.3e-05,0.000104],
        "sirius::Density::add_k_point_contribution_rg": [0.006119,0.000874142857142857,0.000644,0.00107],
        "sirius::Density::generate": [0.144777,0.0206824285714286,0.018763,0.026461],
        "sirius::Density::generate_core_charge_density": [4.7e-05,6.71428571428572e-06,5e-06,8e-06],
        "sirius::Density::generate_valence": [0.144579,0.0206541428571429,0.018738,0.026427],
        "sirius::Density::generate_valence_mt": [0.128578,0.0183682857142857,0.016717,0.024233],
        "sirius::Density::generate|expand_lm": [0.127019,0.0181455714285714,0.016487,0.023984],
        "sirius::Density::generate|sum_zdens": [0.001326,0.000189428571428571,0.000146,0.000221],
        "sirius::Density::initial_density": [0.178404,0.178404,0.178404,0.178404],
        "sirius::Density::initial_density|rholm": [0.000828,0.000828,0.000828,0.000828],
        "sirius::Density::initial_density|znulm": [0.103039,0.103039,0.103039,0.103039],
        "sirius::K_point::K_point": [1e-06,1e-06,1e-06,1e-06],
        "sirius::K_point::generate_fv_states": [0.038502,0.00550028571428571,0.005362,0.005733],
        "sirius::K_point::generate_gkvec": [0.00036,0.00036,0.00036,0.00036],
        "sirius::K_point::generate_spinor_wave_functions": [0.000104,1.48571428571429e-05,1.4e-05,1.6e-05],
        "sirius::K_point::initialize": [0.005661,0.005661,0.005661,0.005661],
        "sirius::K_point_set::K_point_set": [0.001849,0.001849,0.001849,0.001849],
        "sirius::K_point_set::add_kpoint": [1.2e-05,1.2e-05,1.2e-05,1.2e-05],
        "sirius::K_point_set::find_band_occupancies": [9.1e-05,1.3e-05,1.1e-05,1.7e-05],
        "sirius::K_point_set::sync_band_energies": [3.6e-05,5.14285714285714e-06,4e-06,6e-06],
        "sirius::Local_operator::apply_h_o": [0.831989,0.028689275862069,0.003967,0.068557],
        "sirius::Local_operator::apply_o": [0.098167,0.00654446666666667,0.000964,0.013001],
        "sirius::Local_operator::prepare": [0.036949,0.00527842857142857,0.005025,0.00565],
        "sirius::Periodic_function::add": [0.006082,0.000380125,0.000341,0.000421],
        "sirius::Periodic_function::inner": [0.03569,0.000566507936507937,0.000453,0.000773],
        "sirius::Periodic_function::integrate": [0.004777,0.000341214285714286,0.000306,0.000427],
        "sirius::Periodic_function::sync_mt": [6.6e-05,3e-06,1e-06,4e-06],
        "sirius::Potential::Potential": [0.393534,0.393534,0.393534,0.393534],
        "sirius::Potential::generate": [3.344678,0.41808475,0.386014,0.497677],
        "sirius::Potential::generate_pw_coefs": [0.016496,0.00235657142857143,0.002186,0.002672],
        "sirius::Potential::init": [0.000598,0.000598,0.000598,0.000598],
        "sirius::Potential::poisson": [2.844501,0.355562625,0.330529,0.427396],
        "sirius::Potential::poisson_add_pseudo_pw": [0.476827,0.059603375,0.046021,0.131323],
        "sirius::Potential::poisson_sum_G": [2.265126,0.141570375,0.122807,0.173425],
        "sirius::Potential::poisson_vmt": [0.064036,0.0080045,0.00643,0.010345],