{
    "build_date": "Fri, 18 Nov 2016 13:18:38",
    "comm_world_size": 1,
    "git_hash": "be6a1b6759c6193ea55d53b15e52b72885d9b17b",
    "ground_state": {
        "aw_cutoff": 8,
        "band_gap": 0.559464351415826,
        "chemical_formula": "He",
        "core_leakage": 0.0,
        "efermi": -0.3103515625,
        "energy": {
            "bxc": 0.0,
            "core_eval_sum": 0.0,
            "enuc": -3.30969801181524,
            "eval_sum": -1.14450493823718,
            "ewald": 6.95322008502347e-310,
            "exc": -0.972277471076054,
            "kin": 2.76415561171664,
            "total": -2.83510781476759,
            "veff": -3.90866054995382,
            "vha": -2.63457588718589,
            "vxc": -1.27408466276793
        },
        "fft_grid": [
            64,
            64,
            64
        ],
        "mpi_grid": [
            1
        ],
        "num_atoms": 1,
        "num_bands": 4,
        "num_fv_states": 4,
        "omega": 1000,
        "pw_cutoff": 20
    },
    "task": 0,
    "threads_per_rank": 8,
    "timers": {
        "Eigenproblem_lapack|AZ=eZ": [
            0.007261,
            7.89239130434783e-05,
            7e-06,
            0.000396
        ],
        "sirius::Atom::generate_radial_integrals": [
            0.407104,
            0.0581577142857143,
            0.055461,
            0.061774
        ],
        "sirius::Atom::generate_radial_integrals|inner": [
            0.315871,
            0.0451244285714286,
            0.044114,
            0.046771
        ],
        "sirius::Atom::generate_radial_integrals|interp": [
            0.058152,
            0.00830742857142857,
            0.006084,
            0.011322
        ],
        "sirius::Atom_symmetry_class::find_enu": [
            0.075249,
            0.0107498571428571,
            0.01011,
            0.011303
        ],
        "sirius::Atom_symmetry_class::generate_core_charge_density": [
            5e-06,
            7.14285714285714e-07,
            0.0,
            1e-06
        ],
        "sirius::Atom_symmetry_class::generate_radial_functions": [
            0.098172,
            0.0140245714285714,
            0.013369,
            0.01452
        ],
        "sirius::Atom_symmetry_class::generate_radial_integrals": [
            0.012239,
            0.00174842857142857,
            0.001625,
            0.001937
        ],
        "sirius::Band::apply_fv_h_o": [
            2.154548,
            0.058231027027027,
            0.042549,
            0.080438
        ],
        "sirius::Band::apply_fv_h_o|apw-apw": [
            0.219202,
            0.00592437837837838,
            0.002406,
            0.013694
        ],
        "sirius::Band::apply_fv_h_o|apw-lo": [
            0.022329,
            0.000603486486486487,
            0.000486,
            0.000825
        ],
        "sirius::Band::apply_fv_h_o|lo-apw": [
            0.000511,
            1.38108108108108e-05,
            7e-06,
            3.1e-05
        ],
        "sirius::Band::apply_o": [
            0.20142,
            0.00746,
            0.004362,
            0.0092
        ],
        "sirius::Band::apply_o|apw-apw": [
            0.091238,
            0.00337918518518518,
            0.002144,
            0.004344
        ],
        "sirius::Band::diag_fv_full_potential_davidson": [
            2.800016,
            0.400002285714286,
            0.13114,
            0.607447
        ],
        "sirius::Band::diag_fv_full_potential_davidson|update_phi": [
            0.001711,
            0.000122214285714286,
            3.1e-05,
            0.00028
        ],
        "sirius::Band::get_singular_components": [
            0.267929,
            0.0382755714285714,
            0.013706,
            0.080533
        ],
        "sirius::Band::residuals": [
            0.040595,
            0.000699913793103448,
            0.000496,
            0.001139
        ],
        "sirius::Band::residuals_aux": [
            0.027282,
            0.000470379310344828,
            0.000292,
            0.000978
        ],
        "sirius::Band::set_subspace_mtrx": [
            0.023329,
            0.000364515625,
            0.000104,
            0.00069
        ],
        "sirius::Band::solve_for_kset": [
            3.402458,
            0.486065428571429,
            0.214217,
            0.698478
        ],
        "sirius::Band::solve_sv": [
            3e-06,
            4.28571428571429e-07,
            0.0,
            1e-06
        ],
        "sirius::Broyden1::mix": [
            0.092628,
            0.0132325714285714,
            0.001273,
            0.028736
        ],
        "sirius::DFT_ground_state::scf_loop": [
            12.474144,
            12.474144,
            12.474144,
            12.474144
        ],
        "sirius::DFT_ground_state::scf_loop|iteration": [
            12.447893,
            1.77827042857143,
            1.467315,
            1.993031
        ],
        "sirius::Density::add_k_point_contribution_dm": [
            0.000383,
            5.47142857142857e-05,
            5.3e-05,
            5.7e-05
        ],
        "sirius::Density::add_k_point_contribution_rg": [
            0.013273,
            0.00189614285714286,
            0.001767,
            0.002049
        ],
        "sirius::Density::generate": [
            0.173472,
            0.0247817142857143,
            0.022988,
            0.027571
        ],
        "sirius::Density::generate_core_charge_density": [
            2.7e-05,
            3.85714285714286e-06,
            3e-06,
            5e-06
        ],
        "sirius::Density::generate_rho_radial_integrals": [
            0.031975,
            0.031975,
            0.031975,
            0.031975
        ],
        "sirius::Density::generate_valence": [
            0.170042,
            0.0242917142857143,
            0.022461,
            0.027139
        ],
        "sirius::Density::generate_valence_density_mt": [
            0.133091,
            0.019013,
            0.016811,
            0.022047
        ],
        "sirius::Density::generate|expand_lm": [
            0.131213,
            0.0187447142857143,
            0.016559,
            0.021691
        ],
        "sirius::Density::generate|sum_zdens": [
            0.001622,
            0.000231714285714286,
            0.0002,
            0.000273
        ],
        "sirius::Density::initial_density": [
            0.19928,
            0.19928,
            0.19928,
            0.19928
        ],
        "sirius::Density::initial_density|rholm": [
            0.001695,
            0.001695,
            0.001695,
            0.001695
        ],
        "sirius::Density::initial_density|znulm": [
            0.107515,
            0.107515,
            0.107515,
            0.107515
        ],
        "sirius::FFT3D::prepare": [
            0.014041,
            0.000108007692307692,
            4.7e-05,
            0.000268
        ],
        "sirius::FFT3D::transform": [
            0.638369000000001,
            0.000406345639719924,
            0.000251,
            0.003894
        ],
        "sirius::FFT3D::transform_xy": [
            0.382363,
            0.000243388287714831,
            0.000144,
            0.002601
        ],
        "sirius::FFT3D::transform_z_serial": [
            0.245489,
            0.000156262889879058,
            9e-05,
            0.001063
        ],
        "sirius::Interstitial_operator::apply": [
            0.478997,
            0.0129458648648649,
            0.003246,
            0.026707
        ],
        "sirius::Interstitial_operator::apply_o": [
            0.072671,
            0.00269151851851852,
            0.000827,
            0.003767
        ],
        "sirius::K_point::generate_fv_states": [
            0.028826,
            0.004118,
            0.003847,
            0.004405
        ],