{
    "comm_world_size": 1,
    "counters": {
        "band_evp_work_count": 1323.420074074072,
        "local_operator_num_applied": 9987
    },
    "git_hash": "2fef8d388ab621b138d31cc62675903e8da2a227",
    "ground_state": {
        "aw_cutoff": 0.0,
        "band_gap": 0.0,
        "chemical_formula": "Au",
        "converged": true,
        "core_leakage": 0.0,
        "efermi": 0.5606756392540982,
        "energy": {
            "bxc": -0.0027108251085599094,
            "core_eval_sum": 0.0,
            "entropy_sum": -0.0014104712999284314,
            "enuc": 0.0,
            "eval_sum": 4.183038773145271,
            "ewald": -35.97719267416727,
            "exc": -15.817950209940221,
            "kin": 8.09382051870204,
            "scf_correction": 1.1883649619903736e-10,
            "total": -43.07007257816769,
            "veff": -3.9080709204482105,
            "vha": 7.80089489213334,
            "vloc": -3.2737931950555184,
            "vxc": -8.435172617526156
        },
        "etot_history": [
            -43.08351440208374,
            -43.072889831865155,
            -43.07139572897097,
            -43.07005077912608,
            -43.07006492597654,
            -43.070077174929544,
            -43.070075128651695,
            -43.070073776967014,
            -43.07007262530878,
            -43.07007260191184,
            -43.070072610774595,
            -43.07007260374499,
            -43.07007260375786,
            -43.070072602662506,
            -43.07007260104404,
            -43.07007259839296,
            -43.0700725906763,
            -43.0700725863939,
            -43.07007258562619,
            -43.07007258523152,
            -43.07007258585796,
            -43.070072583558044,
            -43.07007257717729,
            -43.07007257710142,
            -43.07007257739606,
            -43.07007257784084,
            -43.07007257816891,
            -43.07007257816769
        ],
        "fft_coarse_grid": [
            32,
            32,
            32
        ],
        "fft_grid": [
            48,
            48,
            48
        ],
        "mpi_grid": [
            1,
            1
        ],
        "num_atoms": 1,
        "num_bands": 30,
        "num_fv_states": -1,
        "num_scf_iterations": 27,
        "omega": 114.57850275,
        "pw_cutoff": 26.4575,
        "rms_history": [
            0.012890270321565303,
            0.0028813954983828867,
            0.0012222670940363351,
            9.019506137621165e-05,
            0.00010492850995946983,
            0.00013562507856686127,
            3.258665296101827e-05,
            9.279478777373903e-06,
            3.1313702231475454e-07,
            4.095053194529777e-07,
            3.603565514068312e-08,
            2.2070276388118474e-08,
            4.294266624755749e-08,
            4.170626130276216e-08,
            5.699844340209603e-08,
            5.3605266738169925e-08,
            3.754499292842799e-08,
            2.9346946775321855e-08,
            2.7966352771424927e-08,
            2.6091787535118366e-08,
            2.669206962939531e-08,
            2.6828381752626674e-08,
            9.788296570660203e-09,
            8.585552457323781e-09,
            6.3066903949902695e-09,
            2.4258924065526346e-09,
            2.828438914332637e-10,
            3.384394923741636e-11
        ],
        "scf_time": 43.247308
    },
    "task": 0,
    "threads_per_rank": 8
}