{
    "build_date": "Tue, 12 Jun 2018 10:08:41",
    "comm_world_size": 1,
    "counters": {
        "band_evp_work_count": 2405.985740740743,
        "local_operator_num_applied": 5725
    },
    "git_hash": "f4dee4e74bef982373cafcb2ff96a5e212786953",
    "ground_state": {
        "aw_cutoff": 7.0,
        "band_gap": 0.0,
        "chemical_formula": "Au",
        "converged": true,
        "core_leakage": 0.0,
        "efermi": 0.5606756185184278,
        "energy": {
            "bxc": -0.0027110555439917106,
            "core_eval_sum": 0.0,
            "enuc": 0.0,
            "eval_sum": 4.183035541081502,
            "ewald": -35.977192213203864,
            "exc": -15.817949210805466,
            "kin": 8.093818992253988,
            "total": -43.07137278033002,
            "veff": -3.9080723956284933,
            "vha": 7.800889015139989,
            "vxc": -8.435171384040656
        },
        "fft_coarse_grid": [30,30,30],
        "fft_grid": [48,48,48],
        "mpi_grid": [1,1],
        "num_atoms": 1,
        "num_bands": 30,
        "num_fv_states": -1,
        "num_scf_iterations": 11,
        "omega": 114.57850275,
        "pw_cutoff": 26.4575
    },
    "task": 0,
    "threads_per_rank": 160,
    "timers": {
        "+global_timer": {
            "avg": 1.526e-06,
            "count": 1,
            "max": 1.526e-06,
            "min": 1.526e-06,
            "total": 1.526e-06
        },
        "sddk::FFT3D::prepare|cpu": {
            "avg": 0.0001672832212389381,
            "count": 226,
            "max": 0.001395803,
            "min": 7.8518e-05,
            "total": 0.03780600800000001
        },
        "sddk::Wave_functions::transform|init": {
            "avg": 2.3099480769230762e-05,
            "count": 832,
            "max": 0.000537487,
            "min": 1.0893e-05,
            "total": 0.019218767999999994
        },
        "sirius::Band::diag_pseudo_potential_davidson|alloc": {
            "avg": 0.001566109375,
            "count": 96,
            "max": 0.001779641,
            "min": 0.001519122,
            "total": 0.1503465
        },
        "sirius::Band::diag_pseudo_potential_davidson|evp": {
            "avg": 0.00286075663508772,
            "count": 285,
            "max": 0.007550078,
            "min": 0.001431645,
            "total": 0.8153156410000002
        },
        "sirius::Band::diag_pseudo_potential_davidson|iter": {
            "avg": 0.09668354664583333,
            "count": 96,
            "max": 0.310884072,
            "min": 0.036402067,
            "total": 9.281620477999999
        },
        "sirius::Band::diag_pseudo_potential_davidson|wf": {
            "avg": 1.7593666666666667e-05,
            "count": 96,
            "max": 7.5656e-05,
            "min": 1.5961e-05,
            "total": 0.001688992
        },
        "sirius::Band::initialize_subspace|kp|wf": {
            "avg": 0.0012410738749999998,
            "count": 8,
            "max": 0.00129827,
            "min": 0.00117353,
            "total": 0.009928590999999999
        }
    }
}