{
    "comm_world_size": 1,
    "counters": {
        "band_evp_work_count": 11769.809962962954,
        "local_operator_num_applied": 10190
    },
    "git_hash": "732b62eafae5324b2aa2577cb4221223a22d479b",
    "ground_state": {
        "aw_cutoff": 0.0,
        "band_gap": 0.0,
        "chemical_formula": "Au",
        "converged": true,
        "core_leakage": 0.0,
        "efermi": 0.5606756346904401,
        "energy": {
            "bxc": -0.0027108151353631106,
            "core_eval_sum": 0.0,
            "enuc": 0.0,
            "eval_sum": 4.183039262462953,
            "ewald": -35.977192674166105,
            "exc": -15.817950441186852,
            "kin": 8.09382066503789,
            "total": -43.06866209978695,
            "veff": -3.908070587439575,
            "vha": 7.8008958331955425,
            "vloc": -3.273793577335405,
            "vxc": -8.43517284329978
        },
        "etot_history": [-42.87029775457853,-43.12045259109473,-43.05742306528581,-43.066409579101254,-43.06888172391827,-43.06865328501125,-43.06866840716821,-43.06866376440397,-43.06866127759561,-43.06866155878376,-43.068662116206106,-43.068662105353404,-43.06866210586578,-43.068662099843024,-43.06866209978695],
        "fft_coarse_grid": [32,32,32],
        "fft_grid": [48,48,48],
        "mpi_grid": [1,1],
        "num_atoms": 1,
        "num_bands": 30,
        "num_fv_states": -1,
        "num_scf_iterations": 14,
        "omega": 114.57850275,
        "pw_cutoff": 26.4575,
        "rms_history": [0.012827219549014963,0.003562186658178772,0.0015201136326762287,0.00014280373183627175,2.5162410282181073e-05,2.1693898350072066e-06,3.41272568060011e-07,9.043843829404366e-08,5.7561129360259676e-08,2.6836960940564424e-08,3.6763179579836347e-09,1.1546346891125696e-09,2.995272942767866e-10,7.640694615715874e-12,4.547183327059634e-12],
        "scf_time": 20.717248547
    },
    "task": 0,
    "threads_per_rank": 4
}