{
    "build_date": "Tue, 15 Aug 2017 21:42:48",
    "comm_world_size": 1,
    "git_hash": "3c4e5b986c632b055a26fedb91acabdce5f6cbc6",
    "ground_state": {
        "aw_cutoff": 7.0,
        "band_gap": 0.0,
        "chemical_formula": "Fe2",
        "core_leakage": 0.0,
        "efermi": 0.591153845162691,
        "energy": {
            "bxc": -0.374238497162587,
            "core_eval_sum": 0.0,
            "enuc": 0.0,
            "eval_sum": -18.280506744005,
            "ewald": -168.118559665585,
            "exc": -28.8568659286326,
            "kin": 76.2746528324746,
            "total": -250.597508529563,
            "veff": -94.180921079317,
            "vha": 139.863009313859,
            "vxc": -34.5899284655897
        },
        "fft_coarse_grid": [24,24,24],
        "fft_grid": [45,45,45],
        "mpi_grid": [1,1],
        "num_atoms": 2,
        "num_bands": 52,
        "num_fv_states": 26,
        "omega": 170.177704326717,
        "pw_cutoff": 25.0
    },
    "task": 0,
    "threads_per_rank": 8,
    "timers": {
        "sddk::FFT3D::FFT3D": [0.006114,0.003057,0.002333,0.003781],
        "sddk::FFT3D::prepare": [0.012909,8.84178082191781e-05,3.2e-05,0.000186],
        "sddk::FFT3D::prepare|cpu": [0.012248,8.38904109589041e-05,3.1e-05,0.000181],
        "sddk::FFT3D::transform": [36.6042220000015,0.000258794988723224,0.000201,0.008725],
        "sddk::FFT3D::transform_xy": [19.2801040000011,0.000136311988744432,8.5e-05,0.006298],
        "sddk::FFT3D::transform_z": [16.4896870000027,0.000116583501247889,6.9e-05,0.007863],
        "sddk::FFT3D::transform_z_serial": [16.0136570000024,0.000113217928323487,6.6e-05,0.007857],
        "sddk::Gvec::find_gvec_shells": [0.003267,0.0005445,9.8e-05,0.002339],
        "sddk::Gvec::init": [0.008487,0.0014145,0.000237,0.006505],
        "sddk::matrix_storage::matrix_storage": [0.443777,0.00123271388888889,1.2e-05,0.004114],
        "sddk::matrix_storage::remap_backward": [7.69999999999999e-05,6.41666666666666e-07,0.0,2e-06],
        "sddk::matrix_storage::remap_forward": [0.000471000000000001,2.03017241379311e-06,0.0,1.2e-05],
        "sddk::wave_functions::inner": [0.010568,0.0006605,0.000631,0.00077],
        "sddk::wave_functions::orthogonalize": [0.013554,0.00169425,0.001617,0.001855],
        "sddk::wave_functions::transform": [0.005322,0.00066525,0.000657,0.000675],
        "sddk::wave_functions::transform|init": [0.000185,2.3125e-05,2.2e-05,2.4e-05],
        "sirius::Atom_type::init": [0.013901,0.013901,0.013901,0.013901],
        "sirius::Augmentation_operator::generate_pw_coeffs": [0.127975,0.127975,0.127975,0.127975],
        "sirius::Band::Band": [9e-06,9e-06,9e-06,9e-06],
        "sirius::Band::apply_h_o": [49.579579,0.413163158333333,0.018886,0.625796],
        "sirius::Band::diag_pseudo_potential": [110.715246,1.97705796428571,1.884171,2.160242],
        "sirius::Band::diag_pseudo_potential_exact": [110.701134,0.988402982142857,0.937521,1.156224],
        "sirius::Band::initialize_subspace": [0.191144,0.191144,0.191144,0.191144],
        "sirius::Band::initialize_subspace|kp": [0.189366,0.0473415,0.046266,0.049731],
        "sirius::Band::initialize_subspace|kp|wf": [0.003718,0.0009295,0.0009,0.000982],
        "sirius::Band::set_subspace_mtrx": [0.005219,0.000652375,0.000635,0.000662],
        "sirius::Band::solve_for_kset": [110.739576,7.90996971428571,7.825683,8.210409],
        "sirius::Beta_projectors::Beta_projectors": [0.001384,0.000346,0.000298,0.000405],
        "sirius::Beta_projectors::generate_pw_coefs_t": [0.001365,0.00034125,0.000294,0.000401],
        "sirius::Beta_projectors_base::dismiss": [3.7e-05,6.16666666666667e-07,0.0,1e-06],
        "sirius::Beta_projectors_base::generate": [0.021404,0.000121613636363636,0.000108,0.000312],
        "sirius::Beta_projectors_base::inner": [2.447118,0.0105479224137931,0.000547,0.023469],
        "sirius::Beta_projectors_base::prepare": [2.5e-05,4.16666666666667e-07,0.0,1e-06],
        "sirius::Broyden1::mix": [0.008906,0.000636142857142857,3.5e-05,0.001258],
        "sirius::DFT_ground_state::compute_atomic_mag_mom": [0.253831,0.0181307857142857,0.017669,0.018675],
        "sirius::DFT_ground_state::ewald_energy": [0.000671,0.000671,0.000671,0.000671],
        "sirius::DFT_ground_state::scf_loop": [114.918773,114.918773,114.918773,114.918773],
        "sirius::DFT_ground_state::scf_loop|iteration": [114.911122,8.20793728571429,8.121836,8.509776],
        "sirius::DFT_ground_state::symmetrize": [1.470125,0.0525044642857143,0.051476,0.055351],
        "sirius::Density::add_k_point_contribution_dm": [0.09887,0.00176553571428571,0.001575,0.002107],
        "sirius::Density::add_k_point_contribution_rg": [0.685641,0.0122435892857143,0.010857,0.013593],
        "sirius::Density::augment": [0.772325,0.0551660714285714,0.053476,0.058648],
        "sirius::Density::generate": [1.717575,0.122683928571429,0.120658,0.126777],
        "sirius::Density::generate_pseudo_core_charge_density": [0.022313,0.022313,0.022313,0.022313],
        "sirius::Density::generate_rho_aug": [0.76735,0.0548107142857143,0.053194,0.058286],
        "sirius::Density::generate_rho_aug|gemm": [0.553288,0.0197602857142857,0.009341,0.034512],
        "sirius::Density::generate_rho_aug|phase_fac": [0.002191,0.0001565,0.00014,0.000198],
        "sirius::Density::generate_rho_aug|sum": [0.142332,0.00508328571428571,0.003952,0.007115],
        "sirius::Density::generate_valence": [1.717519,0.122679928571429,0.120653,0.126774],
        "sirius::Density::initial_density": [0.062025,0.062025,0.062025,0.062025],
        "sirius::Density::symmetrize_density_matrix": [0.14726,0.0105185714285714,0.010414,0.010853],
        "sirius::K_point::K_point": [4e-06,1e-06,0.0,3e-06],
        "sirius::K_point::generate_gkvec": [0.001312,0.000328,0.000268,0.000435],
        "sirius::K_point::initialize": [0.004263,0.00106575,0.001017,0.001114],
        "sirius::K_point_set::K_point_set": [0.003828,0.003828,0.003828,0.003828],
        "sirius::K_point_set::add_kpoint": [1.5e-05,3.75e-06,2e-06,8e-06],
        "sirius::K_point_set::find_band_occupancies": [0.016593,0.00118521428571429,0.001032,0.001316],
        "sirius::K_point_set::sync_band_energies": [0.000104,7.42857142857143e-06,6e-06,9e-06],
        "sirius::Local_operator::apply_h": [42.699343,0.355827858333334,0.016018,0.564826],
        "sirius::Local_operator::prepare": [0.025564,0.000340853333333333,2e-05,0.001806],
        "sirius::Non_local_operator::Non_local_operator": [0.000141,1.175e-06,0.0,1.1e-05],
        "sirius::Non_local_operator::apply": [4.406149,0.0183589541666667,0.000862,0.026468],
        "sirius::Periodic_function::add": [0.003791,0.000126366666666667,8.6e-05,0.000175],
        "sirius::Periodic_function::inner": [0.061848,0.000180842105263158,8.9e-05,0.000427],
        "sirius::Periodic_function::integrate": [0.003004,0.000107285714285714,9e-05,0.000168],
        "sirius::Potential::Potential": [0.197533,0.197533,0.197533,0.197533],
        "sirius::Potential::generate": [0.636647,0.0424431333333333,0.038733,0.046273],
        "sirius::Potential::generate_D_operator_matrix": [0.360633,0.0240422,0.022926,0.026731],
        "sirius::Potential::generate_PAW_effective_potential": [2.7e-05,1.8e-06,0.0,1e-05],
        "sirius::Potential::generate_local_potential": [0.194632,0.194632,0.194632,0.194632],
        "sirius::Potential::init": [0.0,0.0,0.0,0.0],
        "sirius::Potential::poisson": [0.022968,0.0015312,0.001401,0.001826],
        "sirius::Potential::xc": [0.206448,0.0137632,0.009638,0.015081],
        "sirius::Potential::xc_it_magnetic": [0.206279,0.0137519333333333,0.009625,0.015071],
        "sirius::Radial_integrals|aug": [0.50994,0.50994,0.50994,0.50994],
        "sirius::Radial_integrals|beta": [0.201694,0.100847,0.09908,0.102614],
        "sirius::Radial_integrals|rho_core_pseudo": [0.020611,0.020611,0.020611,0.020611],