{
    "build_date": "Fri,  1 Sep 2017 08:26:01",
    "comm_world_size": 1,
    "git_hash": "51bdd38c89d04764b014e2f34521e75d5faffacc",
    "ground_state": {
        "aw_cutoff": 7.0,
        "band_gap": 0.0,
        "chemical_formula": "Fe2",
        "core_leakage": 0.0,
        "efermi": 0.591153623021039,
        "energy": {
            "bxc": -0.374231896442859,
            "core_eval_sum": 0.0,
            "enuc": 0.0,
            "eval_sum": -18.2805090522249,
            "ewald": -168.118559665585,
            "exc": -28.8568620976931,
            "kin": 76.274646851342,
            "total": -250.597502067472,
            "veff": -94.180924007124,
            "vha": 139.863001898093,
            "vxc": -34.589929697078
        },
        "fft_coarse_grid": [24, 24, 24],
        "fft_grid": [45, 45, 45],
        "mpi_grid": [1, 1],
        "num_atoms": 2,
        "num_bands": 52,
        "num_fv_states": 26,
        "omega": 170.177704326717,
        "pw_cutoff": 25.0
    },
    "task": 0,
    "threads_per_rank": 8,
    "timers": {
        "sddk::FFT3D::FFT3D": [0.005122, 0.002561, 0.002029, 0.003093],
        "sddk::FFT3D::prepare": [0.015874, 7.70582524271845e-05, 3.3e-05, 0.000177],
        "sddk::FFT3D::prepare|cpu": [0.015069, 7.31504854368932e-05, 3e-05, 0.000162],
        "sddk::FFT3D::transform": [6.85525599999991, 0.000282971022867989, 0.000205, 0.004333],
        "sddk::FFT3D::transform_xy": [3.67695199999999, 0.000151777098984562, 9.1e-05, 0.004066],
        "sddk::FFT3D::transform_z": [3.02091599999999, 0.000124697267398662, 8e-05, 0.004139],
        "sddk::FFT3D::transform_z_serial": [2.92982399999999, 0.000120937174936019, 7.6e-05, 0.004135],
        "sddk::Gvec::find_gvec_shells": [0.003128, 0.000521333333333333, 0.000145, 0.002188],
        "sddk::Gvec::init": [0.006898, 0.00114966666666667, 0.000283, 0.004846],
        "sddk::matrix_storage::matrix_storage": [0.00169499999999997, 3.36309523809519e-06, 0.0, 0.000132],
        "sddk::matrix_storage::remap_backward": [0.000375000000000002, 7.36738703339886e-07, 0.0, 1.5e-05],
        "sddk::matrix_storage::remap_forward": [0.00142200000000001, 2.1255605381166e-06, 0.0, 1.4e-05],
        "sddk::remap_gvec_to_shells|init": [0.249767, 0.006244175, 0.005073, 0.009356],
        "sddk::remap_gvec_to_shells|remap_backward": [0.019446, 0.000243075, 0.000187, 0.000465],
        "sddk::remap_gvec_to_shells|remap_forward": [0.019756, 0.00024695, 0.000179, 0.000447],
        "sddk::wave_functions::inner": [0.975162, 0.000717558498896247, 1e-06, 0.002881],
        "sddk::wave_functions::orthogonalize": [1.511013, 0.00296859135559921, 0.00012, 0.009336],
        "sddk::wave_functions::transform": [1.373352, 0.00160064335664335, 7.4e-05, 0.005139],
        "sddk::wave_functions::transform|init": [0.016369, 1.90780885780885e-05, 0.0, 0.00019],
        "sirius::Atom_type::init": [0.024315, 0.024315, 0.024315, 0.024315],
        "sirius::Augmentation_operator::generate_pw_coeffs": [0.1217, 0.1217, 0.1217, 0.1217],
        "sirius::Band::Band": [1e-05, 1e-05, 1e-05, 1e-05],
        "sirius::Band::apply_h_o": [8.197097, 0.0161043163064833, 0.000869, 0.037979],
        "sirius::Band::diag_pseudo_potential": [11.863917, 0.1482989625, 0.052783, 0.26023],
        "sirius::Band::diag_pseudo_potential_davidson": [11.851395, 0.1481424375, 0.052619, 0.260057],
        "sirius::Band::diag_pseudo_potential_davidson|alloc": [0.006578, 8.2225e-05, 6.9e-05, 0.000126],
        "sirius::Band::diag_pseudo_potential_davidson|evp": [0.602603, 0.0012028003992016, 0.000295, 0.003731],
        "sirius::Band::diag_pseudo_potential_davidson|iter": [11.717517, 0.1464689625, 0.050671, 0.25832],
        "sirius::Band::diag_pseudo_potential_davidson|update_phi": [0.258668, 0.001616675, 0.000625, 0.003045],
        "sirius::Band::diag_pseudo_potential_davidson|wf": [0.001453, 1.81625e-05, 1.3e-05, 5.3e-05],
        "sirius::Band::get_h_diag": [0.083774, 0.001047175, 0.000832, 0.001455],
        "sirius::Band::get_o_diag": [0.039088, 0.0004886, 0.00039, 0.000643],
        "sirius::Band::initialize_subspace": [0.19884, 0.19884, 0.19884, 0.19884],
        "sirius::Band::initialize_subspace|kp": [0.197157, 0.04928925, 0.046671, 0.055583],
        "sirius::Band::initialize_subspace|kp|wf": [0.003894, 0.0009735, 0.00084, 0.001102],
        "sirius::Band::residuals": [0.698937, 0.00139508383233533, 0.0, 0.007217],
        "sirius::Band::residuals_aux": [0.194089, 0.00055612893982808, 0.000202, 0.005879],
        "sirius::Band::set_subspace_mtrx": [0.608068, 0.0011946326129666, 0.000174, 0.005568],
        "sirius::Band::solve_for_kset": [11.8985, 0.594925, 0.238893, 0.982605],
        "sirius::Beta_projectors::Beta_projectors": [0.001438, 0.0003595, 0.000307, 0.000435],
        "sirius::Beta_projectors::generate_pw_coefs_t": [0.001411, 0.00035275, 0.000301, 0.000425],
        "sirius::Beta_projectors_base::dismiss": [9.79999999999999e-05, 5.97560975609755e-07, 0.0, 1.5e-05],
        "sirius::Beta_projectors_base::generate": [0.07044, 0.000119592529711375, 0.000105, 0.00048],
        "sirius::Beta_projectors_base::inner": [0.480594000000001, 0.000718376681614351, 3.6e-05, 0.001558],
        "sirius::Beta_projectors_base::prepare": [4.6e-05, 2.80487804878049e-07, 0.0, 1e-06],
        "sirius::Broyden1::mix": [0.022359, 0.00111795, 0.000116, 0.002375],
        "sirius::DFT_ground_state::compute_atomic_mag_mom": [0.3829, 0.019145, 0.018259, 0.020727],
        "sirius::DFT_ground_state::ewald_energy": [0.000741, 0.000741, 0.000741, 0.000741],
        "sirius::DFT_ground_state::scf_loop": [29.145603, 29.145603, 29.145603, 29.145603],
        "sirius::DFT_ground_state::scf_loop|iteration": [29.137506, 1.4568753, 1.104476, 1.845386],
        "sirius::DFT_ground_state::symmetrize": [13.185808, 0.3296452, 0.313421, 0.360773],
        "sirius::Density::add_k_point_contribution_dm": [0.141951, 0.0017743875, 0.001588, 0.002203],
        "sirius::Density::add_k_point_contribution_rg": [0.987745, 0.0123468125, 0.010389, 0.015623],
        "sirius::Density::augment": [1.175977, 0.05879885, 0.053435, 0.064009],
        "sirius::Density::generate": [2.563251, 0.12816255, 0.12099, 0.135673],
        "sirius::Density::generate_pseudo_core_charge_density": [0.01936, 0.01936, 0.01936, 0.01936],
        "sirius::Density::generate_rho_aug": [1.168334, 0.0584167, 0.052984, 0.063724],
        "sirius::Density::generate_rho_aug|gemm": [0.849259, 0.021231475, 0.009559, 0.037074],
        "sirius::Density::generate_rho_aug|phase_fac": [0.003747, 0.00018735, 0.000138, 0.000266],
        "sirius::Density::generate_rho_aug|sum": [0.224216, 0.0056054, 0.004075, 0.007209],
        "sirius::Density::generate_valence": [2.563149, 0.12815745, 0.120986, 0.135667],
        "sirius::Density::initial_density": [0.066974, 0.066974, 0.066974, 0.066974],
        "sirius::Density::symmetrize_density_matrix": [0.237318, 0.0118659, 0.010656, 0.015808],
        "sirius::K_point::K_point": [3e-06, 7.5e-07, 0.0, 2e-06],
        "sirius::K_point::generate_gkvec": [0.00148, 0.00037, 0.00031, 0.000508],
        "sirius::K_point::initialize": [0.004334, 0.0010835, 0.000996, 0.00126],
        "sirius::K_point_set::K_point_set": [0.004111, 0.004111, 0.004111, 0.004111],
        "sirius::K_point_set::add_kpoint": [3.1e-05, 7.75e-06, 4e-06, 1.6e-05],
        "sirius::K_point_set::find_band_occupancies": [0.024309, 0.00121545, 0.001034, 0.001348],
        "sirius::K_point_set::sync_band_energies": [0.000107, 5.35e-06, 4e-06, 7e-06],
        "sirius::Local_operator::apply_h": [7.00706, 0.013766326129666, 0.00054, 0.034107],
        "sirius::Local_operator::prepare": [0.035954, 0.000342419047619048, 1.9e-05, 0.004613],
        "sirius::Non_local_operator::Non_local_operator": [0.00015, 8.92857142857141e-07, 0.0, 1e-05],
        "sirius::Non_local_operator::apply": [0.739218000000001, 0.000726147347740669, 6.4e-05, 0.001913],