{
    "build_date": "Wed, 13 Sep 2017 13:57:41",
    "comm_world_size": 1,
    "git_hash": "467cca80bce65a95274ec0901338c5c9bb80d72d",
    "ground_state": {
        "aw_cutoff": 7.0,
        "band_gap": 0.0,
        "chemical_formula": "Fe2",
        "core_leakage": 0.0,
        "efermi": 0.591153612654787,
        "energy": {
            "bxc": -0.374233552316288,
            "core_eval_sum": 0.0,
            "enuc": 0.0,
            "eval_sum": -18.2805089414358,
            "ewald": -168.118557585552,
            "exc": -28.8568631055662,
            "kin": 76.274648866921,
            "total": -250.597502853085,
            "veff": -94.1809242560406,
            "vha": 139.863005320227,
            "vxc": -34.589929439582
        },
        "fft_coarse_grid": [24, 24, 24],
        "fft_grid": [45, 45, 45],
        "mpi_grid": [1, 1],
        "num_atoms": 2,
        "num_bands": 52,
        "num_fv_states": 26,
        "omega": 170.177704326717,
        "pw_cutoff": 25.0
    },
    "task": 0,
    "threads_per_rank": 8,
    "timers": {
        "sddk::FFT3D::FFT3D": [0.004756, 0.002378, 0.001984, 0.002772],
        "sddk::FFT3D::prepare": [0.014491, 7.79086021505376e-05, 3.3e-05, 0.000184],
        "sddk::FFT3D::prepare|cpu": [0.013641, 7.33387096774194e-05, 3e-05, 0.000175],
        "sddk::FFT3D::transform": [5.66552299999996, 0.000282260013949779, 0.000204, 0.004459],
        "sddk::FFT3D::transform_xy": [3.04238100000001, 0.00015157338581108, 9.6e-05, 0.004232],
        "sddk::FFT3D::transform_z": [2.49484600000001, 0.000124294838581109, 7.2e-05, 0.004156],
        "sddk::FFT3D::transform_z_serial": [2.420629, 0.000120597299721004, 6.9e-05, 0.004149],
        "sddk::Gvec::find_gvec_shells": [0.002579, 0.000429833333333333, 8.8e-05, 0.001691],
        "sddk::Gvec::init": [0.007485, 0.0012475, 0.000253, 0.005349],
        "sddk::matrix_storage::matrix_storage": [0.00202199999999999, 4.43421052631577e-06, 0.0, 0.000236],
        "sddk::matrix_storage::remap_backward": [0.000296000000000001, 7.04761904761906e-07, 0.0, 3e-06],
        "sddk::matrix_storage::remap_forward": [0.00127600000000001, 2.26241134751774e-06, 0.0, 2.1e-05],
        "sddk::remap_gvec_to_shells|init": [0.005512, 0.005512, 0.005512, 0.005512],
        "sddk::remap_gvec_to_shells|remap_backward": [0.020709, 0.000287625, 0.000253, 0.000468],
        "sddk::remap_gvec_to_shells|remap_forward": [0.020811, 0.000289041666666667, 0.000249, 0.000461],
        "sddk::wave_functions::inner": [0.706467, 0.00063760559566787, 1e-06, 0.001837],
        "sddk::wave_functions::orthogonalize": [0.849182, 0.00307674637681159, 0.00012, 0.005938],
        "sddk::wave_functions::transform": [0.948997, 0.00136154519368723, 7.4e-05, 0.003302],
        "sddk::wave_functions::transform|init": [0.022043, 3.16255380200861e-05, 2e-06, 0.000205],
        "sirius::Atom_type::init": [0.018977, 0.018977, 0.018977, 0.018977],
        "sirius::Augmentation_operator::generate_pw_coeffs": [0.144048, 0.144048, 0.144048, 0.144048],
        "sirius::Band::Band": [1e-05, 1e-05, 1e-05, 1e-05],
        "sirius::Band::apply_h_o": [6.661523, 0.015860769047619, 0.001004, 0.038033],
        "sirius::Band::diag_pseudo_potential": [9.114487, 0.126590097222222, 0.050612, 0.188585],
        "sirius::Band::diag_pseudo_potential_davidson": [9.103751, 0.126440986111111, 0.050515, 0.188469],
        "sirius::Band::diag_pseudo_potential_davidson|alloc": [0.005817, 8.07916666666667e-05, 6.9e-05, 0.00011],
        "sirius::Band::diag_pseudo_potential_davidson|evp": [0.400357, 0.000971740291262136, 0.000356, 0.002345],
        "sirius::Band::diag_pseudo_potential_davidson|iter": [8.982224, 0.124753111111111, 0.049158, 0.18684],
        "sirius::Band::diag_pseudo_potential_davidson|update_phi": [0.205201, 0.00142500694444444, 0.000621, 0.002137],
        "sirius::Band::diag_pseudo_potential_davidson|wf": [0.00126, 1.75e-05, 1.4e-05, 5.4e-05],
        "sirius::Band::get_h_diag": [0.077312, 0.00107377777777778, 0.000802, 0.004768],
        "sirius::Band::get_o_diag": [0.034579, 0.000480263888888889, 0.000367, 0.000772],
        "sirius::Band::initialize_subspace": [0.236453, 0.236453, 0.236453, 0.236453],
        "sirius::Band::initialize_subspace|kp": [0.19251, 0.0481275, 0.04466, 0.055057],
        "sirius::Band::initialize_subspace|kp|wf": [0.003103, 0.00077575, 0.00074, 0.000794],
        "sirius::Band::residuals": [0.489552999999999, 0.0011882354368932, 0.0, 0.010993],
        "sirius::Band::residuals_aux": [0.1564, 0.000564620938628159, 0.000267, 0.009645],
        "sirius::Band::set_subspace_mtrx": [0.536756, 0.000951695035460993, 0.000137, 0.002194],
        "sirius::Band::solve_for_kset": [9.143559, 0.5079755, 0.226085, 0.66384],
        "sirius::Beta_projectors::Beta_projectors": [0.001743, 0.00043575, 0.000411, 0.000466],
        "sirius::Beta_projectors::generate_pw_coefs_t": [0.001721, 0.00043025, 0.000406, 0.00046],
        "sirius::Beta_projectors_base::dismiss": [7.49999999999999e-05, 5.06756756756756e-07, 0.0, 2e-06],
        "sirius::Beta_projectors_base::generate": [0.058587, 0.000119079268292683, 0.000105, 0.000303],
        "sirius::Beta_projectors_base::inner": [0.405791, 0.000719487588652482, 3.5e-05, 0.001622],
        "sirius::Beta_projectors_base::prepare": [5.9e-05, 3.98648648648648e-07, 0.0, 9e-06],
        "sirius::Broyden1::mix": [0.015145, 0.000841388888888889, 3.8e-05, 0.001432],
        "sirius::DFT_ground_state::compute_atomic_mag_mom": [0.742149, 0.0412305, 0.04046, 0.042777],
        "sirius::DFT_ground_state::ewald_energy": [0.000804, 0.000804, 0.000804, 0.000804],
        "sirius::DFT_ground_state::scf_loop": [19.872687, 19.872687, 19.872687, 19.872687],
        "sirius::DFT_ground_state::scf_loop|iteration": [19.86218, 1.10345444444444, 0.832384, 1.258638],
        "sirius::DFT_ground_state::symmetrize": [6.646973, 0.184638138888889, 0.178473, 0.198965],
        "sirius::Density::add_k_point_contribution_dm": [0.135692, 0.00188461111111111, 0.001574, 0.007709],
        "sirius::Density::add_k_point_contribution_rg": [0.911618, 0.0126613611111111, 0.011045, 0.018149],
        "sirius::Density::augment": [1.084091, 0.0602272777777778, 0.057555, 0.066228],
        "sirius::Density::generate": [2.364221, 0.131345611111111, 0.127416, 0.141645],
        "sirius::Density::generate_pseudo_core_charge_density": [0.023538, 0.023538, 0.023538, 0.023538],
        "sirius::Density::generate_rho_aug": [1.077795, 0.0598775, 0.057232, 0.065852],
        "sirius::Density::generate_rho_aug|gemm": [0.774106, 0.0215029444444444, 0.009507, 0.038796],
        "sirius::Density::generate_rho_aug|phase_fac": [0.004336, 0.000240888888888889, 0.000206, 0.00033],
        "sirius::Density::generate_rho_aug|sum": [0.194861, 0.00541280555555555, 0.00396, 0.007732],
        "sirius::Density::generate_valence": [2.364145, 0.131341388888889, 0.127413, 0.141641],
        "sirius::Density::initial_density": [0.115889, 0.115889, 0.115889, 0.115889],
        "sirius::Density::symmetrize_density_matrix": [0.214736, 0.0119297777777778, 0.011316, 0.015292],
        "sirius::K_point::K_point": [7e-06, 1.75e-06, 1e-06, 4e-06],
        "sirius::K_point::generate_gkvec": [0.001395, 0.00034875, 0.000279, 0.000463],
        "sirius::K_point::initialize": [0.004756, 0.001189, 0.001118, 0.001244],
        "sirius::K_point_set::K_point_set": [0.004292, 0.004292, 0.004292, 0.004292],
        "sirius::K_point_set::add_kpoint": [2e-05, 5e-06, 2e-06, 9e-06],
        "sirius::K_point_set::find_band_occupancies": [0.020403, 0.0011335, 0.000829, 0.001319],
        "sirius::K_point_set::sync_band_energies": [0.000185, 1.02777777777778e-05, 4e-06, 1.6e-05],
        "sirius::Local_operator::apply_h": [5.684211, 0.0135338357142857, 0.000696, 0.034729],
        "sirius::Local_operator::prepare": [0.030362, 0.0003196, 2e-05, 0.00177],
        "sirius::Non_local_operator::Non_local_operator": [0.00016, 1.05263157894737e-06, 0.0, 1.7e-05],