{
    "build_date": "Wed, 31 May 2017 16:04:48",
    "comm_world_size": 1,
    "git_hash": "d035c9132b67397ea342e623430decff01e1b82b",
    "ground_state": {
        "aw_cutoff": 7.0,
        "band_gap": 0.0,
        "chemical_formula": "Fe2",
        "core_leakage": 0.0,
        "efermi": 0.591152207985832,
        "energy": {
            "bxc": -0.374228174899013,
            "core_eval_sum": 0.0,
            "enuc": 0.0,
            "eval_sum": -18.2805470571814,
            "ewald": -168.118559665585,
            "exc": -28.8568594388947,
            "kin": 76.274641970224,
            "total": -250.597532578423,
            "veff": -94.1809608525064,
            "vha": 139.862992410658,
            "vxc": -34.5899297885673
        },
        "fft_coarse_grid": [24,24,24],
        "fft_grid": [45,45,45],
        "mpi_grid": [1,1],
        "num_atoms": 2,
        "num_bands": 52,
        "num_fv_states": 26,
        "omega": 170.177704326717,
        "pw_cutoff": 25.0
    },
    "task": 0,
    "threads_per_rank": 8,
    "timers": {
        "sddk::FFT3D::FFT3D": [0.00519,0.002595,0.002255,0.002935],
        "sddk::FFT3D::prepare": [0.013383,6.49660194174758e-05,2.8e-05,0.000167],
        "sddk::FFT3D::transform": [6.87700999999992,0.000279962953916297,0.000205,0.00888],
        "sddk::FFT3D::transform_xy": [3.657764,0.000148907506920697,0.000101,0.00422],
        "sddk::FFT3D::transform_z": [3.07180800000001,0.000125053248656571,7.4e-05,0.007744],
        "sddk::FFT3D::transform_z_serial": [2.98265600000001,0.000121423872333497,7e-05,0.007729],
        "sddk::Gvec::find_gvec_shells": [0.002736,0.000456,0.000137,0.001846],
        "sddk::Gvec::init": [0.0062,0.00103333333333333,0.000275,0.004325],
        "sddk::matrix_storage::matrix_storage": [0.00201199999999996,2.04471544715443e-06,0.0,0.000132],
        "sddk::matrix_storage::remap_backward": [0.000365000000000002,7.00575815738968e-07,0.0,1.4e-05],
        "sddk::matrix_storage::remap_forward": [0.00116300000000001,1.70778267254039e-06,0.0,1.7e-05],
        "sddk::wave_functions::inner": [0.953095999999999,0.0006832229390681,1e-06,0.003335],
        "sddk::wave_functions::orthogonalize": [1.489522,0.00285896737044146,0.0002,0.010912],
        "sddk::wave_functions::transform": [1.325314,0.00150946924829157,0.000104,0.006708],
        "sddk::wave_functions::transform|init": [0.0153599999999999,1.74943052391799e-05,0.0,0.000263],
        "sirius::Atom_type::init": [0.014027,0.014027,0.014027,0.014027],
        "sirius::Augmentation_operator::generate_pw_coeffs": [0.122782,0.122782,0.122782,0.122782],
        "sirius::Band::Band": [3.3e-05,3.3e-05,3.3e-05,3.3e-05],
        "sirius::Band::apply_h_o": [8.22908400000001,0.0157947869481766,0.000875,0.043278],
        "sirius::Band::diag_pseudo_potential": [11.883049,0.1485381125,0.055726,0.256851],
        "sirius::Band::diag_pseudo_potential_davidson": [11.872669,0.07420418125,0.023732,0.128722],
        "sirius::Band::diag_pseudo_potential_davidson|evp": [0.609808,0.00118870955165692,0.000295,0.003146],
        "sirius::Band::diag_pseudo_potential_davidson|update_phi": [0.247209,0.00154505625,0.000583,0.002543],
        "sirius::Band::get_h_diag": [0.07887,0.0004929375,0.000402,0.000696],
        "sirius::Band::get_o_diag": [0.076019,0.00047511875,0.000372,0.000668],
        "sirius::Band::initialize_subspace": [0.210912,0.210912,0.210912,0.210912],
        "sirius::Band::initialize_subspace|kp": [0.209095,0.05227375,0.046014,0.063869],
        "sirius::Band::initialize_subspace|kp|wf": [0.003854,0.0009635,0.000731,0.001099],
        "sirius::Band::residuals": [0.700632,0.00136575438596491,0.0,0.017057],
        "sirius::Band::residuals_aux": [0.235511,0.000659694677871149,0.000231,0.015534],
        "sirius::Band::set_subspace_mtrx": [0.59231,0.00113687140115163,0.000174,0.005177],
        "sirius::Band::solve_for_kset": [11.906631,0.59533155,0.239429,0.94934],
        "sirius::Beta_projectors::Beta_projectors": [0.001316,0.000329,0.000301,0.00038],
        "sirius::Beta_projectors::generate_pw_coefs_t": [0.001291,0.00032275,0.000295,0.000372],
        "sirius::Beta_projectors_base::generate": [0.0761949999999999,0.000126780366056572,0.000117,0.000187],
        "sirius::Beta_projectors_base::inner": [0.478233,0.000702251101321585,3.5e-05,0.001289],
        "sirius::Broyden1::mix": [0.016191,0.00080955,3.7e-05,0.001334],
        "sirius::DFT_ground_state::ewald_energy": [0.000654,0.000654,0.000654,0.000654],
        "sirius::DFT_ground_state::scf_loop": [17.563744,17.563744,17.563744,17.563744],
        "sirius::DFT_ground_state::scf_loop|iteration": [17.557061,0.87785305,0.522387,1.230336],
        "sirius::DFT_ground_state::symmetrize": [2.179544,0.0544886,0.05104,0.060044],
        "sirius::Density::add_k_point_contribution_dm": [0.140341,0.0017542625,0.001565,0.002014],
        "sirius::Density::add_k_point_contribution_rg": [0.973559,0.0121694875,0.010784,0.015371],
        "sirius::Density::augment": [1.112839,0.05564195,0.053082,0.057898],
        "sirius::Density::generate": [2.408927,0.12044635,0.117545,0.123967],
        "sirius::Density::generate_pseudo_core_charge_density": [0.024565,0.024565,0.024565,0.024565],
        "sirius::Density::generate_rho_aug": [1.105185,0.05525925,0.052711,0.057565],
        "sirius::Density::generate_rho_aug|gemm": [0.790811,0.019770275,0.009703,0.030647],
        "sirius::Density::generate_rho_aug|phase_fac": [0.003313,0.00016565,0.000145,0.000208],
        "sirius::Density::generate_rho_aug|sum": [0.214087,0.005352175,0.004169,0.007516],
        "sirius::Density::generate_valence": [2.408857,0.12044285,0.117542,0.123964],
        "sirius::Density::initial_density": [0.062006,0.062006,0.062006,0.062006],
        "sirius::Density::symmetrize_density_matrix": [0.162988,0.0081494,0.007961,0.00913],
        "sirius::K_point::K_point": [2e-06,5e-07,0.0,1e-06],
        "sirius::K_point::generate_gkvec": [0.001304,0.000326,0.0003,0.000344],
        "sirius::K_point::initialize": [0.00468,0.00117,0.001136,0.001252],
        "sirius::K_point_set::K_point_set": [0.003795,0.003795,0.003795,0.003795],
        "sirius::K_point_set::add_kpoint": [1.3e-05,3.25e-06,2e-06,6e-06],
        "sirius::K_point_set::find_band_occupancies": [0.023357,0.00116785,0.000898,0.001359],
        "sirius::K_point_set::sync_band_energies": [0.0001,5e-06,4e-06,1.1e-05],
        "sirius::Local_operator::apply_h": [7.019014,0.0134721957773512,0.000567,0.040234],
        "sirius::Local_operator::prepare": [0.025009,0.000238180952380953,1.9e-05,0.001574],
        "sirius::Non_local_operator::Non_local_operator": [0.000131,7.79761904761903e-07,0.0,2e-06],
        "sirius::Non_local_operator::apply": [0.747056000000001,0.000716944337811901,6.3e-05,0.00152],
        "sirius::Periodic_function::add": [0.012043,0.000114695238095238,6.5e-05,0.000203],
        "sirius::Periodic_function::inner": [0.050332,0.000185726937269373,9.3e-05,0.002292],
        "sirius::Periodic_function::integrate": [0.004503,0.000112575,9.1e-05,0.0002],
        "sirius::Potential::Potential": [0.114965,0.114965,0.114965,0.114965],
        "sirius::Potential::generate": [0.901031,0.0429062380952381,0.039714,0.054333],
        "sirius::Potential::generate_D_operator_matrix": [0.52873,0.025177619047619,0.02265,0.034728],
        "sirius::Potential::generate_PAW_effective_potential": [9e-06,4.28571428571429e-07,0.0,1e-06],
        "sirius::Potential::generate_local_potential": [0.112487,0.112487,0.112487,0.112487],
        "sirius::Potential::init": [3e-06,3e-06,3e-06,3e-06],
        "sirius::Potential::poisson": [0.031448,0.00149752380952381,0.001197,0.001885],
        "sirius::Potential::xc": [0.27402,0.0130485714285714,0.010486,0.015117],
        "sirius::Potential::xc_it_magnetic": [0.273827,0.013039380952381,0.010458,0.015104],
        "sirius::Radial_integrals|aug": [0.498225,0.498225,0.498225,0.498225],