{
    "flat": {
        "+global_timer": {
            "avg": 0.011604,
            "count": 1,
            "max": 0.011604,
            "min": 0.011604,
            "total": 0.011604
        }
    },
    "tree": null
}