{
    "cyclic_block_size" : 32,
    "processing_unit" : "cpu",
    "std_evp_solver_type" : "lapack",
    "gen_evp_solver_type" : "lapack",
    "num_fv_states" : 800,
    "electronic_structure_method" : "ultrasoft_pseudopotential",
    
    "fft_mode" : "serial",
    
    "xc_functionals" : ["XC_LDA_X", "XC_LDA_C_PZ"],

    "iterative_solver" : {
        "tolerance" : 1e-10,
        "num_steps" : 20,
        "subspace_size" : 4,
        "type" : "davidson",
        "converge_by_energy" : 1
    },
    
    "smearing_width" : 0.025,
    
    "use_symmetry" : 1,
    
    "num_mag_dims" : 0,
    
    "gk_cutoff" : 6.33,
    "pw_cutoff" : 17.33,
    
    "energy_tol" : 1e-10,
    
    "num_dft_iter" : 100,
    
    "ngridk" : [2,2,1],
    "shiftk" : [1,1,0],

    "mixer" : {
        "beta" : 0.5,
        "type" : "broyden1",
        "max_history" : 8
    },

    "unit_cell" : {
        "lattice_vectors" : [
            [38.75830, 0.0, 0.0],
            [0.0, 19.161832, 0.0],
            [0.0, 0.0, 60.849213]
        ],
        "atom_types" : [
            "AU"
        ],
        "atom_files" : {
            "AU" : "au_lda_v1.uspp.F.UPF.json"
        },
        "atoms" : {
            "AU" : [
                [0.4278395, 0.001871742, 0.2227639],
                [0.4278395, 0.5020695, 0.2227639],
                [0.5706478, 0.001871742, 0.2227639],
                [0.5706478, 0.5020695, 0.2227639],
                [0.7134072, 0.001871742, 0.2227639],
                [0.7134072, 0.5020695, 0.2227639],
                [0.8562156, 0.001871742, 0.2227639],
                [0.8562156, 0.5020695, 0.2227639],
                [0.9989753, 0.001871742, 0.2227639],
                [0.9989753, 0.5020695, 0.2227639],
                [0.1417836, 0.001871742, 0.2227639],
                [0.1417836, 0.5020695, 0.2227639],
                [0.2845431, 0.001871742, 0.2227639],
                [0.2845431, 0.5020695, 0.2227639],
                [0.4278395, 0.1686370, 0.1485092],
                [0.4278395, 0.6688345, 0.1485092],
                [0.5706478, 0.1686370, 0.1485092],
                [0.5706478, 0.6688345, 0.1485092],
                [0.7134072, 0.1686370, 0.1485092],
                [0.7134072, 0.6688345, 0.1485092],
                [0.8562156, 0.1686370, 0.1485092],
                [0.8562156, 0.6688345, 0.1485092],
                [0.9989753, 0.1686370, 0.1485092],
                [0.9989753, 0.6688345, 0.1485092],
                [0.1417836, 0.1686370, 0.1485092],
                [0.1417836, 0.6688345, 0.1485092],
                [0.2845431, 0.1686370, 0.1485092],
                [0.2845431, 0.6688345, 0.1485092],
                [0.4992193, 0.2519705, 0.2227639],
                [0.4992193, 0.7521679, 0.2227639],
                [0.6420276, 0.2519705, 0.2227639],
                [0.6420276, 0.7521679, 0.2227639],
                [0.7847871, 0.2519705, 0.2227639],
                [0.7847871, 0.7521679, 0.2227639],
                [0.9275954, 0.2519705, 0.2227639],
                [0.9275954, 0.7521679, 0.2227639],
                [0.07040382, 0.2519705, 0.2227639],
                [0.07040382, 0.7521679, 0.2227639],
                [0.2131632, 0.2519705, 0.2227639],
                [0.2131632, 0.7521679, 0.2227639],
                [0.3559716, 0.2519705, 0.2227639],
                [0.3559716, 0.7521679, 0.2227639],
                [0.4992193, 0.4187360, 0.1485092],
                [0.4992193, 0.9189329, 0.1485092],
                [0.6420276, 0.4187360, 0.1485092],
                [0.6420276, 0.9189329, 0.1485092],
                [0.7847871, 0.4187360, 0.1485092],
                [0.7847871, 0.9189329, 0.1485092],
                [0.9275954, 0.4187360, 0.1485092],
                [0.9275954, 0.9189329, 0.1485092],
                [0.07040382, 0.4187360, 0.1485092],
                [0.07040382, 0.9189329, 0.1485092],
                [0.2131632, 0.4187360, 0.1485092],
                [0.2131632, 0.9189329, 0.1485092],
                [0.3559716, 0.4187360, 0.1485092],
                [0.3559716, 0.9189329, 0.1485092],
                [0.4278395, 0.001871742, 0.0],
                [0.4278395, 0.5020695, 0.0],
                [0.5706478, 0.001871742, 0.0],
                [0.5706478, 0.5020695, 0.0],
                [0.7134072, 0.001871742, 0.0],
                [0.7134072, 0.5020695, 0.0],
                [0.8562156, 0.001871742, 0.0],
                [0.8562156, 0.5020695, 0.0],
                [0.9989753, 0.001871742, 0.0],
                [0.9989753, 0.5020695, 0.0],
                [0.1417836, 0.001871742, 0.0],
                [0.1417836, 0.5020695, 0.0],
                [0.2845431, 0.001871742, 0.0],
                [0.2845431, 0.5020695, 0.0],
                [0.4992193, 0.08520513, 0.07425462],
                [0.4992193, 0.5854025, 0.07425462],
                [0.6420276, 0.08520513, 0.07425462],
                [0.6420276, 0.5854025, 0.07425462],
                [0.7847871, 0.08520513, 0.07425462],
                [0.7847871, 0.5854025, 0.07425462],
                [0.9275954, 0.08520513, 0.07425462],
                [0.9275954, 0.5854025, 0.07425462],
                [0.07040382, 0.08520513, 0.07425462],
                [0.07040382, 0.5854025, 0.07425462],
                [0.2131632, 0.08520513, 0.07425462],
                [0.2131632, 0.5854025, 0.07425462],
                [0.3559716, 0.08520513, 0.07425462],
                [0.3559716, 0.5854025, 0.07425462],
                [0.4278395, 0.3353035, 0.07425462],
                [0.4278395, 0.8355999, 0.07425462],
                [0.5706478, 0.3353035, 0.07425462],
                [0.5706478, 0.8355999, 0.07425462],
                [0.7134072, 0.3353035, 0.07425462],
                [0.7134072, 0.8355999, 0.07425462],
                [0.8562156, 0.3353035, 0.07425462],
                [0.8562156, 0.8355999, 0.07425462],
                [0.9989753, 0.3353035, 0.07425462],
                [0.9989753, 0.8355999, 0.07425462],
                [0.1417836, 0.3353035, 0.07425462],
                [0.1417836, 0.8355999, 0.07425462],
                [0.2845431, 0.3353035, 0.07425462],
                [0.2845431, 0.8355999, 0.07425462],
                [0.4992193, 0.2519705, 0.0],
                [0.4992193, 0.7521679, 0.0],
                [0.6420276, 0.2519705, 0.0],
                [0.6420276, 0.7521679, 0.0],
                [0.7847871, 0.2519705, 0.0],
                [0.7847871, 0.7521679, 0.0],
                [0.9275954, 0.2519705, 0.0],
                [0.9275954, 0.7521679, 0.0],
                [0.07040382, 0.2519705, 0.0],
                [0.07040382, 0.7521679, 0.0],
                [0.2131632, 0.2519705, 0.0],
                [0.2131632, 0.7521679, 0.0],
                [0.3559716, 0.2519705, 0.0],
                [0.3559716, 0.7521679, 0.0]
            ]
        }
    }
}
